species,type,genus,name,hexcode,species_name,decade,pct_abundance,species_id,bar_order
Acanthocythereis dun,Ostracode,Acanthocythereis,Ostracode,#e7f0e7,NA,0,0,species_13,4
Argilloecia spp....6,Ostracode,Argilloecia,Ostracode,#e7f0e7,NA,0,0,species_37,4
Buccella frigida...3,Foram,Buccella,Foram,#e7f0e7,NA,0,0.24691358024691354,species_1,4
Bythocythere constri,Ostracode,Bythocythere,Ostracode,#e7f0e7,NA,0,0,species_14,4
C. reniforme...25,Foram,Cassidulina,Cassidulina,#3c475a,C. reniforme,0,41.090534979423865,species_2,2
C. teretis...24,Foram,Cassidulina,Cassidulina,#3c475a,NA,0,19.094650205761315,species_3,2
Cluthia cluthae (Bra,Ostracode,Cluthia,Ostracode,#e7f0e7,NA,0,0,species_15,4
Cytheromorpha macche,Ostracode,Cytheromorpha,Ostracode,#e7f0e7,NA,0,0,species_26,4
Cytheropteron arctic,Ostracode,Cytheropteron,Ostracode,#e7f0e7,NA,0,0,species_43,4
Cytheropteron biconv,Ostracode,Cytheropteron,Ostracode,#e7f0e7,NA,0,0,species_33,4
Cytheropteron elaeni,Ostracode,Cytheropteron,Ostracode,#e7f0e7,NA,0,0,species_16,4
Cytheropteron inflat,Ostracode,Cytheropteron,Ostracode,#e7f0e7,NA,0,0,species_40,4
Cytheropteron montro,Ostracode,Cytheropteron,Ostracode,#e7f0e7,NA,0,0,species_30,4
Cytheropteron nodoso,Ostracode,Cytheropteron,Ostracode,#e7f0e7,NA,0,0,species_46,4
Cytheropteron parala,Ostracode,Cytheropteron,Ostracode,#e7f0e7,NA,0,0,species_41,4
Cytheropteron spp...,Ostracode,Cytheropteron,Ostracode,#e7f0e7,NA,0,0,species_31,4
Dentalina...39,Foram,Dentalina,Foram,#e7f0e7,NA,0,0,species_38,4
E. bartletti...29,Foram,Elphidium,Elphidium,#697a93,NA,0,2.921810699588477,species_4,1
E. excavatum clavatu,Foram,Elphidium,Elphidium,#697a93,E. excavatum,0,19.897119341563783,species_5,1
E. incertum...26,Foram,Elphidium,Elphidium,#697a93,NA,0,0.24691358024691354,species_6,1
E. subarcticum...27,Foram,Elphidium,Elphidium,#697a93,NA,0,0,species_17,1
Elofsonella concinna,Ostracode,Elofsonella,Ostracode,#e7f0e7,NA,0,0,species_18,4
Eucythere sp....85,Ostracode,Eucythere,Ostracode,#e7f0e7,NA,0,0,species_34,4
Haynesina orbicular.,Foram,Haynesina,Foram,#e7f0e7,NA,0,0.4938271604938271,species_7,4
Heterocyprideis sorb,Ostracode,Heterocyprideis,Ostracode,#e7f0e7,NA,0,0,species_27,4
Jonesia acuminata (S,Ostracode,Jonesia,Ostracode,#e7f0e7,NA,0,0,species_48,4
Kotoracythere arctob,Ostracode,Kotoracythere,Kotoracythere,#c49051,K. arctoborealis,0,0,species_19,5
Nonion labridoricum.,Foram,Nonion,Foram,#e7f0e7,NA,0,0,species_20,4
Normanicythere leiod,Ostracode,Normanicythere,Ostracode,#e7f0e7,NA,0,0,species_28,4
Other...122,Ostracode,Other,Ostracode,#e7f0e7,NA,0,0,species_44,4
Palmenella limicola ,Ostracode,Palmenella,Ostracode,#e7f0e7,NA,0,0,species_21,4
Paracyprideis pseudo,Ostracode,Paracyprideis,Paracyprideis,#729C9D,P. pseudopunctillata,0,0,species_22,3
Polymorphinids...41,Foram,Polymorphinids,Foram,#e7f0e7,NA,0,2.674897119341564,species_8,4
Pyrgo williamsoni...,Foram,Pyrgo,Foram,#e7f0e7,NA,0,0.24691358024691354,species_9,4
Quinqueloculina semi,Foram,Quinqueloculina,Foram,#e7f0e7,NA,0,0,species_23,4
Rabilimis mirabilis ,Ostracode,Rabilimis,Ostracode,#e7f0e7,NA,0,0,species_24,4
Robertsonites tuberc,Ostracode,Robertsonites,Ostracode,#e7f0e7,NA,0,0,species_45,4
Roundstonia globulif,Ostracode,Roundstonia,Ostracode,#e7f0e7,NA,0,0,species_29,4
Sarsicytheridea brad,Ostracode,Sarsicytheridea,Ostracode,#e7f0e7,NA,0,0,species_32,4
Schizocythere ikeyai,Ostracode,Schizocythere,Ostracode,#e7f0e7,NA,0,0,species_47,4
Sclerochilus spp....,Ostracode,Sclerochilus,Ostracode,#e7f0e7,NA,0,0,species_42,4
Semicytherura compla,Ostracode,Semicytherura,Ostracode,#e7f0e7,NA,0,0,species_25,4
Semicytherura spp...,Ostracode,Semicytherura,Ostracode,#e7f0e7,NA,0,0,species_35,4
Spiroplectammina bif,Foram,Spiroplectammina,Spiroplectammina,#dd605a,S. biformis,0,2.674897119341564,species_10,6
Spiroplectammina ear,Foram,Spiroplectammina,Spiroplectammina,#dd605a,NA,0,0,species_39,6
Stainforthia loeblic,Foram,Stainforthia,Foram,#e7f0e7,NA,0,3.168724279835391,species_11,4
Stanforthia feylingi,Foram,Stanforthia,Foram,#e7f0e7,NA,0,7.242798353909463,species_12,4
Textularia torquata.,Foram,Textularia,Foram,#e7f0e7,NA,0,0,species_36,4
Acanthocythereis dun,Ostracode,Acanthocythereis,Ostracode,#e7f0e7,NA,100,1.470370878898994,species_13,4
Argilloecia spp....6,Ostracode,Argilloecia,Ostracode,#e7f0e7,NA,100,0,species_37,4
Buccella frigida...3,Foram,Buccella,Foram,#e7f0e7,NA,100,0.32791122167121656,species_1,4
Bythocythere constri,Ostracode,Bythocythere,Ostracode,#e7f0e7,NA,100,1.6804238615988498,species_14,4
C. reniforme...25,Foram,Cassidulina,Cassidulina,#3c475a,C. reniforme,100,17.622401343951413,species_2,2
C. teretis...24,Foram,Cassidulina,Cassidulina,#3c475a,NA,100,8.066939118354952,species_3,2
Cluthia cluthae (Bra,Ostracode,Cluthia,Ostracode,#e7f0e7,NA,100,1.6804238615988498,species_15,4
Cytheromorpha macche,Ostracode,Cytheromorpha,Ostracode,#e7f0e7,NA,100,0,species_26,4
Cytheropteron arctic,Ostracode,Cytheropteron,Ostracode,#e7f0e7,NA,100,0,species_43,4
Cytheropteron biconv,Ostracode,Cytheropteron,Ostracode,#e7f0e7,NA,100,0,species_33,4
Cytheropteron elaeni,Ostracode,Cytheropteron,Ostracode,#e7f0e7,NA,100,3.3608477231976996,species_16,4
Cytheropteron inflat,Ostracode,Cytheropteron,Ostracode,#e7f0e7,NA,100,0,species_40,4
Cytheropteron montro,Ostracode,Cytheropteron,Ostracode,#e7f0e7,NA,100,0,species_30,4
Cytheropteron nodoso,Ostracode,Cytheropteron,Ostracode,#e7f0e7,NA,100,0,species_46,4
Cytheropteron parala,Ostracode,Cytheropteron,Ostracode,#e7f0e7,NA,100,0,species_41,4
Cytheropteron spp...,Ostracode,Cytheropteron,Ostracode,#e7f0e7,NA,100,0,species_31,4
Dentalina...39,Foram,Dentalina,Foram,#e7f0e7,NA,100,0,species_38,4
E. bartletti...29,Foram,Elphidium,Elphidium,#697a93,NA,100,1.4925614227793305,species_4,1
E. excavatum clavatu,Foram,Elphidium,Elphidium,#697a93,E. excavatum,100,15.976383930734814,species_5,1
E. incertum...26,Foram,Elphidium,Elphidium,#697a93,NA,100,1.32295217019077,species_6,1
E. subarcticum...27,Foram,Elphidium,Elphidium,#697a93,NA,100,0.08157397386402182,species_17,1
Elofsonella concinna,Ostracode,Elofsonella,Ostracode,#e7f0e7,NA,100,3.1507947404978434,species_18,4
Eucythere sp....85,Ostracode,Eucythere,Ostracode,#e7f0e7,NA,100,0,species_34,4
Haynesina orbicular.,Foram,Haynesina,Foram,#e7f0e7,NA,100,1.6411714345712116,species_7,4
Heterocyprideis sorb,Ostracode,Heterocyprideis,Ostracode,#e7f0e7,NA,100,0,species_27,4
Jonesia acuminata (S,Ostracode,Jonesia,Ostracode,#e7f0e7,NA,100,0,species_48,4
Kotoracythere arctob,Ostracode,Kotoracythere,Kotoracythere,#c49051,K. arctoborealis,100,2.940741757797988,species_19,5
Nonion labridoricum.,Foram,Nonion,Foram,#e7f0e7,NA,100,0.08157397386402182,species_20,4
Normanicythere leiod,Ostracode,Normanicythere,Ostracode,#e7f0e7,NA,100,0,species_28,4
Other...122,Ostracode,Other,Ostracode,#e7f0e7,NA,100,0,species_44,4
Palmenella limicola ,Ostracode,Palmenella,Ostracode,#e7f0e7,NA,100,2.100529826998563,species_21,4
Paracyprideis pseudo,Ostracode,Paracyprideis,Paracyprideis,#729C9D,P. pseudopunctillata,100,27.516940733681167,species_22,3
Polymorphinids...41,Foram,Polymorphinids,Foram,#e7f0e7,NA,100,0.3262958954560873,species_8,4
Pyrgo williamsoni...,Foram,Pyrgo,Foram,#e7f0e7,NA,100,0.16637860015830197,species_9,4
Quinqueloculina semi,Foram,Quinqueloculina,Foram,#e7f0e7,NA,100,0.08318930007915099,species_23,4
Rabilimis mirabilis ,Ostracode,Rabilimis,Ostracode,#e7f0e7,NA,100,2.520635792398275,species_24,4
Robertsonites tuberc,Ostracode,Robertsonites,Ostracode,#e7f0e7,NA,100,0,species_45,4
Roundstonia globulif,Ostracode,Roundstonia,Ostracode,#e7f0e7,NA,100,0,species_29,4
Sarsicytheridea brad,Ostracode,Sarsicytheridea,Ostracode,#e7f0e7,NA,100,0,species_32,4
Schizocythere ikeyai,Ostracode,Schizocythere,Ostracode,#e7f0e7,NA,100,0,species_47,4
Sclerochilus spp....,Ostracode,Sclerochilus,Ostracode,#e7f0e7,NA,100,0,species_42,4
Semicytherura compla,Ostracode,Semicytherura,Ostracode,#e7f0e7,NA,100,3.991006671297268,species_25,4
Semicytherura spp...,Ostracode,Semicytherura,Ostracode,#e7f0e7,NA,100,0,species_35,4
Spiroplectammina bif,Foram,Spiroplectammina,Spiroplectammina,#dd605a,S. biformis,100,0.41271584796549665,species_10,6
Spiroplectammina ear,Foram,Spiroplectammina,Spiroplectammina,#dd605a,NA,100,0,species_39,6
Stainforthia loeblic,Foram,Stainforthia,Foram,#e7f0e7,NA,100,1.0733842699533171,species_11,4
Stanforthia feylingi,Foram,Stanforthia,Foram,#e7f0e7,NA,100,0.9118516484404026,species_12,4
Textularia torquata.,Foram,Textularia,Foram,#e7f0e7,NA,100,0,species_36,4
Acanthocythereis dun,Ostracode,Acanthocythereis,Ostracode,#e7f0e7,NA,200,1.938711694809256,species_13,4
Argilloecia spp....6,Ostracode,Argilloecia,Ostracode,#e7f0e7,NA,200,0,species_37,4
Buccella frigida...3,Foram,Buccella,Foram,#e7f0e7,NA,200,0.40650406504065034,species_1,4
Bythocythere constri,Ostracode,Bythocythere,Ostracode,#e7f0e7,NA,200,0,species_14,4
C. reniforme...25,Foram,Cassidulina,Cassidulina,#3c475a,C. reniforme,200,17.36492006068386,species_2,2
C. teretis...24,Foram,Cassidulina,Cassidulina,#3c475a,NA,200,7.272338273621972,species_3,2
Cluthia cluthae (Bra,Ostracode,Cluthia,Ostracode,#e7f0e7,NA,200,3.434496747733251,species_15,4
Cytheromorpha macche,Ostracode,Cytheromorpha,Ostracode,#e7f0e7,NA,200,0.28318260710697,species_26,4
Cytheropteron arctic,Ostracode,Cytheropteron,Ostracode,#e7f0e7,NA,200,0,species_43,4
Cytheropteron biconv,Ostracode,Cytheropteron,Ostracode,#e7f0e7,NA,200,0,species_33,4
Cytheropteron elaeni,Ostracode,Cytheropteron,Ostracode,#e7f0e7,NA,200,0.28318260710697,species_16,4
Cytheropteron inflat,Ostracode,Cytheropteron,Ostracode,#e7f0e7,NA,200,0,species_40,4
Cytheropteron montro,Ostracode,Cytheropteron,Ostracode,#e7f0e7,NA,200,0,species_30,4
Cytheropteron nodoso,Ostracode,Cytheropteron,Ostracode,#e7f0e7,NA,200,0,species_46,4
Cytheropteron parala,Ostracode,Cytheropteron,Ostracode,#e7f0e7,NA,200,0,species_41,4
Cytheropteron spp...,Ostracode,Cytheropteron,Ostracode,#e7f0e7,NA,200,0,species_31,4
Dentalina...39,Foram,Dentalina,Foram,#e7f0e7,NA,200,0,species_38,4
E. bartletti...29,Foram,Elphidium,Elphidium,#697a93,NA,200,0.24117944528727586,species_4,1
E. excavatum clavatu,Foram,Elphidium,Elphidium,#697a93,E. excavatum,200,14.517446609872797,species_5,1
E. incertum...26,Foram,Elphidium,Elphidium,#697a93,NA,200,0.5270937876842883,species_6,1
E. subarcticum...27,Foram,Elphidium,Elphidium,#697a93,NA,200,1.2195121951219512,species_17,1
Elofsonella concinna,Ostracode,Elofsonella,Ostracode,#e7f0e7,NA,200,0,species_18,4
Eucythere sp....85,Ostracode,Eucythere,Ostracode,#e7f0e7,NA,200,0,species_34,4
Haynesina orbicular.,Foram,Haynesina,Foram,#e7f0e7,NA,200,1.3401019177655893,species_7,4
Heterocyprideis sorb,Ostracode,Heterocyprideis,Ostracode,#e7f0e7,NA,200,0.56636521421394,species_27,4
Jonesia acuminata (S,Ostracode,Jonesia,Ostracode,#e7f0e7,NA,200,0,species_48,4
Kotoracythere arctob,Ostracode,Kotoracythere,Kotoracythere,#c49051,K. arctoborealis,200,2.062150267137935,species_19,5
Nonion labridoricum.,Foram,Nonion,Foram,#e7f0e7,NA,200,0,species_20,4
Normanicythere leiod,Ostracode,Normanicythere,Ostracode,#e7f0e7,NA,200,0.28318260710697,species_28,4
Other...122,Ostracode,Other,Ostracode,#e7f0e7,NA,200,0,species_44,4
Palmenella limicola ,Ostracode,Palmenella,Ostracode,#e7f0e7,NA,200,0,species_21,4
Paracyprideis pseudo,Ostracode,Paracyprideis,Paracyprideis,#729C9D,P. pseudopunctillata,200,36.70482253655725,species_22,3
Polymorphinids...41,Foram,Polymorphinids,Foram,#e7f0e7,NA,200,0.24117944528727586,species_8,4
Pyrgo williamsoni...,Foram,Pyrgo,Foram,#e7f0e7,NA,200,0,species_9,4
Quinqueloculina semi,Foram,Quinqueloculina,Foram,#e7f0e7,NA,200,3.6176916793091376,species_23,4
Rabilimis mirabilis ,Ostracode,Rabilimis,Ostracode,#e7f0e7,NA,200,2.7882595161301658,species_24,4
Robertsonites tuberc,Ostracode,Robertsonites,Ostracode,#e7f0e7,NA,200,0,species_45,4
Roundstonia globulif,Ostracode,Roundstonia,Ostracode,#e7f0e7,NA,200,0.28318260710697,species_29,4
Sarsicytheridea brad,Ostracode,Sarsicytheridea,Ostracode,#e7f0e7,NA,200,0,species_32,4
Schizocythere ikeyai,Ostracode,Schizocythere,Ostracode,#e7f0e7,NA,200,0,species_47,4
Sclerochilus spp....,Ostracode,Sclerochilus,Ostracode,#e7f0e7,NA,200,0,species_42,4
Semicytherura compla,Ostracode,Semicytherura,Ostracode,#e7f0e7,NA,200,1.778967660030965,species_25,4
Semicytherura spp...,Ostracode,Semicytherura,Ostracode,#e7f0e7,NA,200,0,species_35,4
Spiroplectammina bif,Foram,Spiroplectammina,Spiroplectammina,#dd605a,S. biformis,200,1.6260162601626014,species_10,6
Spiroplectammina ear,Foram,Spiroplectammina,Spiroplectammina,#dd605a,NA,200,0,species_39,6
Stainforthia loeblic,Foram,Stainforthia,Foram,#e7f0e7,NA,200,0.8130081300813007,species_11,4
Stanforthia feylingi,Foram,Stanforthia,Foram,#e7f0e7,NA,200,0.40650406504065034,species_12,4
Textularia torquata.,Foram,Textularia,Foram,#e7f0e7,NA,200,0,species_36,4
Acanthocythereis dun,Ostracode,Acanthocythereis,Ostracode,#e7f0e7,NA,300,0.9881155078905034,species_13,4
Argilloecia spp....6,Ostracode,Argilloecia,Ostracode,#e7f0e7,NA,300,0,species_37,4
Buccella frigida...3,Foram,Buccella,Foram,#e7f0e7,NA,300,1.008672120056584,species_1,4
Bythocythere constri,Ostracode,Bythocythere,Ostracode,#e7f0e7,NA,300,0,species_14,4
C. reniforme...25,Foram,Cassidulina,Cassidulina,#3c475a,C. reniforme,300,23.396272833507595,species_2,2
C. teretis...24,Foram,Cassidulina,Cassidulina,#3c475a,NA,300,7.220616274063595,species_3,2
Cluthia cluthae (Bra,Ostracode,Cluthia,Ostracode,#e7f0e7,NA,300,0.2302904383690831,species_15,4
Cytheromorpha macche,Ostracode,Cytheromorpha,Ostracode,#e7f0e7,NA,300,0,species_26,4
Cytheropteron arctic,Ostracode,Cytheropteron,Ostracode,#e7f0e7,NA,300,0,species_43,4
Cytheropteron biconv,Ostracode,Cytheropteron,Ostracode,#e7f0e7,NA,300,0,species_33,4
Cytheropteron elaeni,Ostracode,Cytheropteron,Ostracode,#e7f0e7,NA,300,3.2319710612302877,species_16,4
Cytheropteron inflat,Ostracode,Cytheropteron,Ostracode,#e7f0e7,NA,300,0,species_40,4
Cytheropteron montro,Ostracode,Cytheropteron,Ostracode,#e7f0e7,NA,300,0.6761091075194876,species_30,4
Cytheropteron nodoso,Ostracode,Cytheropteron,Ostracode,#e7f0e7,NA,300,0,species_46,4
Cytheropteron parala,Ostracode,Cytheropteron,Ostracode,#e7f0e7,NA,300,0,species_41,4
Cytheropteron spp...,Ostracode,Cytheropteron,Ostracode,#e7f0e7,NA,300,0.2302904383690831,species_31,4
Dentalina...39,Foram,Dentalina,Foram,#e7f0e7,NA,300,0,species_38,4
E. bartletti...29,Foram,Elphidium,Elphidium,#697a93,NA,300,0.252168030014146,species_4,1
E. excavatum clavatu,Foram,Elphidium,Elphidium,#697a93,E. excavatum,300,12.943600467433422,species_5,1
E. incertum...26,Foram,Elphidium,Elphidium,#697a93,NA,300,0.378252045021219,species_6,1
E. subarcticum...27,Foram,Elphidium,Elphidium,#697a93,NA,300,0,species_17,1
Elofsonella concinna,Ostracode,Elofsonella,Ostracode,#e7f0e7,NA,300,0,species_18,4
Eucythere sp....85,Ostracode,Eucythere,Ostracode,#e7f0e7,NA,300,0,species_34,4
Haynesina orbicular.,Foram,Haynesina,Foram,#e7f0e7,NA,300,0.504336060028292,species_7,4
Heterocyprideis sorb,Ostracode,Heterocyprideis,Ostracode,#e7f0e7,NA,300,0.21552823078132133,species_27,4
Jonesia acuminata (S,Ostracode,Jonesia,Ostracode,#e7f0e7,NA,300,0,species_48,4
Kotoracythere arctob,Ostracode,Kotoracythere,Kotoracythere,#c49051,K. arctoborealis,300,4.0940839843555725,species_19,5
Nonion labridoricum.,Foram,Nonion,Foram,#e7f0e7,NA,300,0,species_20,4
Normanicythere leiod,Ostracode,Normanicythere,Ostracode,#e7f0e7,NA,300,0,species_28,4
Other...122,Ostracode,Other,Ostracode,#e7f0e7,NA,300,0,species_44,4
Palmenella limicola ,Ostracode,Palmenella,Ostracode,#e7f0e7,NA,300,0,species_21,4
Paracyprideis pseudo,Ostracode,Paracyprideis,Paracyprideis,#729C9D,P. pseudopunctillata,300,38.22611748819082,species_22,3
Polymorphinids...41,Foram,Polymorphinids,Foram,#e7f0e7,NA,300,0.7411279906513315,species_8,4
Pyrgo williamsoni...,Foram,Pyrgo,Foram,#e7f0e7,NA,300,0,species_9,4
Quinqueloculina semi,Foram,Quinqueloculina,Foram,#e7f0e7,NA,300,0,species_23,4
Rabilimis mirabilis ,Ostracode,Rabilimis,Ostracode,#e7f0e7,NA,300,1.3522182150389752,species_24,4
Robertsonites tuberc,Ostracode,Robertsonites,Ostracode,#e7f0e7,NA,300,0,species_45,4
Roundstonia globulif,Ostracode,Roundstonia,Ostracode,#e7f0e7,NA,300,0,species_29,4
Sarsicytheridea brad,Ostracode,Sarsicytheridea,Ostracode,#e7f0e7,NA,300,0.9733533003027416,species_32,4
Schizocythere ikeyai,Ostracode,Schizocythere,Ostracode,#e7f0e7,NA,300,0,species_47,4
Sclerochilus spp....,Ostracode,Sclerochilus,Ostracode,#e7f0e7,NA,300,0,species_42,4
Semicytherura compla,Ostracode,Semicytherura,Ostracode,#e7f0e7,NA,300,0.21552823078132133,species_25,4
Semicytherura spp...,Ostracode,Semicytherura,Ostracode,#e7f0e7,NA,300,0,species_35,4
Spiroplectammina bif,Foram,Spiroplectammina,Spiroplectammina,#dd605a,S. biformis,300,0.126084015007073,species_10,6
Spiroplectammina ear,Foram,Spiroplectammina,Spiroplectammina,#dd605a,NA,300,0,species_39,6
Stainforthia loeblic,Foram,Stainforthia,Foram,#e7f0e7,NA,300,1.134756135063657,species_11,4
Stanforthia feylingi,Foram,Stanforthia,Foram,#e7f0e7,NA,300,1.8605080263238822,species_12,4
Textularia torquata.,Foram,Textularia,Foram,#e7f0e7,NA,300,0,species_36,4
Acanthocythereis dun,Ostracode,Acanthocythereis,Ostracode,#e7f0e7,NA,400,0.6031243937408026,species_13,4
Argilloecia spp....6,Ostracode,Argilloecia,Ostracode,#e7f0e7,NA,400,0,species_37,4
Buccella frigida...3,Foram,Buccella,Foram,#e7f0e7,NA,400,1.262793547746017,species_1,4
Bythocythere constri,Ostracode,Bythocythere,Ostracode,#e7f0e7,NA,400,0,species_14,4
C. reniforme...25,Foram,Cassidulina,Cassidulina,#3c475a,C. reniforme,400,17.236924911397438,species_2,2
C. teretis...24,Foram,Cassidulina,Cassidulina,#3c475a,NA,400,13.15458249147097,species_3,2
Cluthia cluthae (Bra,Ostracode,Cluthia,Ostracode,#e7f0e7,NA,400,1.2062487874816052,species_15,4
Cytheromorpha macche,Ostracode,Cytheromorpha,Ostracode,#e7f0e7,NA,400,0,species_26,4
Cytheropteron arctic,Ostracode,Cytheropteron,Ostracode,#e7f0e7,NA,400,0,species_43,4
Cytheropteron biconv,Ostracode,Cytheropteron,Ostracode,#e7f0e7,NA,400,0.6031243937408026,species_33,4
Cytheropteron elaeni,Ostracode,Cytheropteron,Ostracode,#e7f0e7,NA,400,3.015621968704013,species_16,4
Cytheropteron inflat,Ostracode,Cytheropteron,Ostracode,#e7f0e7,NA,400,0,species_40,4
Cytheropteron montro,Ostracode,Cytheropteron,Ostracode,#e7f0e7,NA,400,0,species_30,4
Cytheropteron nodoso,Ostracode,Cytheropteron,Ostracode,#e7f0e7,NA,400,0,species_46,4
Cytheropteron parala,Ostracode,Cytheropteron,Ostracode,#e7f0e7,NA,400,0,species_41,4
Cytheropteron spp...,Ostracode,Cytheropteron,Ostracode,#e7f0e7,NA,400,0,species_31,4
Dentalina...39,Foram,Dentalina,Foram,#e7f0e7,NA,400,0,species_38,4
E. bartletti...29,Foram,Elphidium,Elphidium,#697a93,NA,400,1.4300619389884404,species_4,1
E. excavatum clavatu,Foram,Elphidium,Elphidium,#697a93,E. excavatum,400,10.943658706236958,species_5,1
E. incertum...26,Foram,Elphidium,Elphidium,#697a93,NA,400,0.49518068298499557,species_6,1
E. subarcticum...27,Foram,Elphidium,Elphidium,#697a93,NA,400,0.08529031830678019,species_17,1
Elofsonella concinna,Ostracode,Elofsonella,Ostracode,#e7f0e7,NA,400,0,species_18,4
Eucythere sp....85,Ostracode,Eucythere,Ostracode,#e7f0e7,NA,400,0.6031243937408026,species_34,4
Haynesina orbicular.,Foram,Haynesina,Foram,#e7f0e7,NA,400,0.24593421880692926,species_7,4
Heterocyprideis sorb,Ostracode,Heterocyprideis,Ostracode,#e7f0e7,NA,400,0,species_27,4
Jonesia acuminata (S,Ostracode,Jonesia,Ostracode,#e7f0e7,NA,400,0,species_48,4
Kotoracythere arctob,Ostracode,Kotoracythere,Kotoracythere,#c49051,K. arctoborealis,400,1.8093731812224079,species_19,5
Nonion labridoricum.,Foram,Nonion,Foram,#e7f0e7,NA,400,0.16395614587128612,species_20,4
Normanicythere leiod,Ostracode,Normanicythere,Ostracode,#e7f0e7,NA,400,0,species_28,4
Other...122,Ostracode,Other,Ostracode,#e7f0e7,NA,400,0,species_44,4
Palmenella limicola ,Ostracode,Palmenella,Ostracode,#e7f0e7,NA,400,0.6031243937408026,species_21,4
Paracyprideis pseudo,Ostracode,Paracyprideis,Paracyprideis,#729C9D,P. pseudopunctillata,400,40.40933438063378,species_22,3
Polymorphinids...41,Foram,Polymorphinids,Foram,#e7f0e7,NA,400,0.5051174190984068,species_8,4
Pyrgo williamsoni...,Foram,Pyrgo,Foram,#e7f0e7,NA,400,0,species_9,4
Quinqueloculina semi,Foram,Quinqueloculina,Foram,#e7f0e7,NA,400,0,species_23,4
Rabilimis mirabilis ,Ostracode,Rabilimis,Ostracode,#e7f0e7,NA,400,0,species_24,4
Robertsonites tuberc,Ostracode,Robertsonites,Ostracode,#e7f0e7,NA,400,0,species_45,4
Roundstonia globulif,Ostracode,Roundstonia,Ostracode,#e7f0e7,NA,400,0,species_29,4
Sarsicytheridea brad,Ostracode,Sarsicytheridea,Ostracode,#e7f0e7,NA,400,0,species_32,4
Schizocythere ikeyai,Ostracode,Schizocythere,Ostracode,#e7f0e7,NA,400,0,species_47,4
Sclerochilus spp....,Ostracode,Sclerochilus,Ostracode,#e7f0e7,NA,400,0,species_42,4
Semicytherura compla,Ostracode,Semicytherura,Ostracode,#e7f0e7,NA,400,1.8093731812224079,species_25,4
Semicytherura spp...,Ostracode,Semicytherura,Ostracode,#e7f0e7,NA,400,0,species_35,4
Spiroplectammina bif,Foram,Spiroplectammina,Spiroplectammina,#dd605a,S. biformis,400,0.08197807293564306,species_10,6
Spiroplectammina ear,Foram,Spiroplectammina,Spiroplectammina,#dd605a,NA,400,0,species_39,6
Stainforthia loeblic,Foram,Stainforthia,Foram,#e7f0e7,NA,400,2.485840151038389,species_11,4
Stanforthia feylingi,Foram,Stanforthia,Foram,#e7f0e7,NA,400,1.2462323208903316,species_12,4
Textularia torquata.,Foram,Textularia,Foram,#e7f0e7,NA,400,0,species_36,4
Acanthocythereis dun,Ostracode,Acanthocythereis,Ostracode,#e7f0e7,NA,500,1.2564102564102566,species_13,4
Argilloecia spp....6,Ostracode,Argilloecia,Ostracode,#e7f0e7,NA,500,0,species_37,4
Buccella frigida...3,Foram,Buccella,Foram,#e7f0e7,NA,500,0.12198157829225792,species_1,4
Bythocythere constri,Ostracode,Bythocythere,Ostracode,#e7f0e7,NA,500,0,species_14,4
C. reniforme...25,Foram,Cassidulina,Cassidulina,#3c475a,C. reniforme,500,21.675379636544687,species_2,2
C. teretis...24,Foram,Cassidulina,Cassidulina,#3c475a,NA,500,10.761762509335325,species_3,2
Cluthia cluthae (Bra,Ostracode,Cluthia,Ostracode,#e7f0e7,NA,500,1.2564102564102566,species_15,4
Cytheromorpha macche,Ostracode,Cytheromorpha,Ostracode,#e7f0e7,NA,500,0,species_26,4
Cytheropteron arctic,Ostracode,Cytheropteron,Ostracode,#e7f0e7,NA,500,0,species_43,4
Cytheropteron biconv,Ostracode,Cytheropteron,Ostracode,#e7f0e7,NA,500,0,species_33,4
Cytheropteron elaeni,Ostracode,Cytheropteron,Ostracode,#e7f0e7,NA,500,1.884615384615385,species_16,4
Cytheropteron inflat,Ostracode,Cytheropteron,Ostracode,#e7f0e7,NA,500,0,species_40,4
Cytheropteron montro,Ostracode,Cytheropteron,Ostracode,#e7f0e7,NA,500,0.6282051282051283,species_30,4
Cytheropteron nodoso,Ostracode,Cytheropteron,Ostracode,#e7f0e7,NA,500,0,species_46,4
Cytheropteron parala,Ostracode,Cytheropteron,Ostracode,#e7f0e7,NA,500,0,species_41,4
Cytheropteron spp...,Ostracode,Cytheropteron,Ostracode,#e7f0e7,NA,500,0,species_31,4
Dentalina...39,Foram,Dentalina,Foram,#e7f0e7,NA,500,0,species_38,4
E. bartletti...29,Foram,Elphidium,Elphidium,#697a93,NA,500,0.36594473487677376,species_4,1
E. excavatum clavatu,Foram,Elphidium,Elphidium,#697a93,E. excavatum,500,12.083644510828979,species_5,1
E. incertum...26,Foram,Elphidium,Elphidium,#697a93,NA,500,0.5128205128205129,species_6,1
E. subarcticum...27,Foram,Elphidium,Elphidium,#697a93,NA,500,0.12198157829225792,species_17,1
Elofsonella concinna,Ostracode,Elofsonella,Ostracode,#e7f0e7,NA,500,0,species_18,4
Eucythere sp....85,Ostracode,Eucythere,Ostracode,#e7f0e7,NA,500,0,species_34,4
Haynesina orbicular.,Foram,Haynesina,Foram,#e7f0e7,NA,500,1.1476226039332837,species_7,4
Heterocyprideis sorb,Ostracode,Heterocyprideis,Ostracode,#e7f0e7,NA,500,0,species_27,4
Jonesia acuminata (S,Ostracode,Jonesia,Ostracode,#e7f0e7,NA,500,0,species_48,4
Kotoracythere arctob,Ostracode,Kotoracythere,Kotoracythere,#c49051,K. arctoborealis,500,2.512820512820513,species_19,5
Nonion labridoricum.,Foram,Nonion,Foram,#e7f0e7,NA,500,0,species_20,4
Normanicythere leiod,Ostracode,Normanicythere,Ostracode,#e7f0e7,NA,500,0,species_28,4
Other...122,Ostracode,Other,Ostracode,#e7f0e7,NA,500,0,species_44,4
Palmenella limicola ,Ostracode,Palmenella,Ostracode,#e7f0e7,NA,500,2.512820512820513,species_21,4
Paracyprideis pseudo,Ostracode,Paracyprideis,Paracyprideis,#729C9D,P. pseudopunctillata,500,33.2948717948718,species_22,3
Polymorphinids...41,Foram,Polymorphinids,Foram,#e7f0e7,NA,500,1.3666915608663182,species_8,4
Pyrgo williamsoni...,Foram,Pyrgo,Foram,#e7f0e7,NA,500,0.24396315658451584,species_9,4
Quinqueloculina semi,Foram,Quinqueloculina,Foram,#e7f0e7,NA,500,0,species_23,4
Rabilimis mirabilis ,Ostracode,Rabilimis,Ostracode,#e7f0e7,NA,500,1.2564102564102566,species_24,4
Robertsonites tuberc,Ostracode,Robertsonites,Ostracode,#e7f0e7,NA,500,0,species_45,4
Roundstonia globulif,Ostracode,Roundstonia,Ostracode,#e7f0e7,NA,500,1.2564102564102566,species_29,4
Sarsicytheridea brad,Ostracode,Sarsicytheridea,Ostracode,#e7f0e7,NA,500,1.2564102564102566,species_32,4
Schizocythere ikeyai,Ostracode,Schizocythere,Ostracode,#e7f0e7,NA,500,0,species_47,4
Sclerochilus spp....,Ostracode,Sclerochilus,Ostracode,#e7f0e7,NA,500,0,species_42,4
Semicytherura compla,Ostracode,Semicytherura,Ostracode,#e7f0e7,NA,500,2.512820512820513,species_25,4
Semicytherura spp...,Ostracode,Semicytherura,Ostracode,#e7f0e7,NA,500,0.6282051282051283,species_35,4
Spiroplectammina bif,Foram,Spiroplectammina,Spiroplectammina,#dd605a,S. biformis,500,0,species_10,6
Spiroplectammina ear,Foram,Spiroplectammina,Spiroplectammina,#dd605a,NA,500,0,species_39,6
Stainforthia loeblic,Foram,Stainforthia,Foram,#e7f0e7,NA,500,0.8538710480458054,species_11,4
Stanforthia feylingi,Foram,Stanforthia,Foram,#e7f0e7,NA,500,0.4879263131690317,species_12,4
Textularia torquata.,Foram,Textularia,Foram,#e7f0e7,NA,500,0,species_36,4
Acanthocythereis dun,Ostracode,Acanthocythereis,Ostracode,#e7f0e7,NA,600,1.1235955056179778,species_13,4
Argilloecia spp....6,Ostracode,Argilloecia,Ostracode,#e7f0e7,NA,600,0,species_37,4
Buccella frigida...3,Foram,Buccella,Foram,#e7f0e7,NA,600,0.6136669570037216,species_1,4
Bythocythere constri,Ostracode,Bythocythere,Ostracode,#e7f0e7,NA,600,0,species_14,4
C. reniforme...25,Foram,Cassidulina,Cassidulina,#3c475a,C. reniforme,600,29.675981961396484,species_2,2
C. teretis...24,Foram,Cassidulina,Cassidulina,#3c475a,NA,600,4.751064254983806,species_3,2
Cluthia cluthae (Bra,Ostracode,Cluthia,Ostracode,#e7f0e7,NA,600,0.28089887640449446,species_15,4
Cytheromorpha macche,Ostracode,Cytheromorpha,Ostracode,#e7f0e7,NA,600,0,species_26,4
Cytheropteron arctic,Ostracode,Cytheropteron,Ostracode,#e7f0e7,NA,600,0,species_43,4
Cytheropteron biconv,Ostracode,Cytheropteron,Ostracode,#e7f0e7,NA,600,0,species_33,4
Cytheropteron elaeni,Ostracode,Cytheropteron,Ostracode,#e7f0e7,NA,600,3.339575530586767,species_16,4
Cytheropteron inflat,Ostracode,Cytheropteron,Ostracode,#e7f0e7,NA,600,0,species_40,4
Cytheropteron montro,Ostracode,Cytheropteron,Ostracode,#e7f0e7,NA,600,4.4475655430711605,species_30,4
Cytheropteron nodoso,Ostracode,Cytheropteron,Ostracode,#e7f0e7,NA,600,0,species_46,4
Cytheropteron parala,Ostracode,Cytheropteron,Ostracode,#e7f0e7,NA,600,0,species_41,4
Cytheropteron spp...,Ostracode,Cytheropteron,Ostracode,#e7f0e7,NA,600,0,species_31,4
Dentalina...39,Foram,Dentalina,Foram,#e7f0e7,NA,600,0,species_38,4
E. bartletti...29,Foram,Elphidium,Elphidium,#697a93,NA,600,1.166627075250086,species_4,1
E. excavatum clavatu,Foram,Elphidium,Elphidium,#697a93,E. excavatum,600,10.044530917125737,species_5,1
E. incertum...26,Foram,Elphidium,Elphidium,#697a93,NA,600,0.09633911368015415,species_6,1
E. subarcticum...27,Foram,Elphidium,Elphidium,#697a93,NA,600,0,species_17,1
Elofsonella concinna,Ostracode,Elofsonella,Ostracode,#e7f0e7,NA,600,0,species_18,4
Eucythere sp....85,Ostracode,Eucythere,Ostracode,#e7f0e7,NA,600,0,species_34,4
Haynesina orbicular.,Foram,Haynesina,Foram,#e7f0e7,NA,600,0.7707129094412332,species_7,4
Heterocyprideis sorb,Ostracode,Heterocyprideis,Ostracode,#e7f0e7,NA,600,0,species_27,4
Jonesia acuminata (S,Ostracode,Jonesia,Ostracode,#e7f0e7,NA,600,0,species_48,4
Kotoracythere arctob,Ostracode,Kotoracythere,Kotoracythere,#c49051,K. arctoborealis,600,2.528089887640449,species_19,5
Nonion labridoricum.,Foram,Nonion,Foram,#e7f0e7,NA,600,0,species_20,4
Normanicythere leiod,Ostracode,Normanicythere,Ostracode,#e7f0e7,NA,600,0,species_28,4
Other...122,Ostracode,Other,Ostracode,#e7f0e7,NA,600,0,species_44,4
Palmenella limicola ,Ostracode,Palmenella,Ostracode,#e7f0e7,NA,600,1.388888888888889,species_21,4
Paracyprideis pseudo,Ostracode,Paracyprideis,Paracyprideis,#729C9D,P. pseudopunctillata,600,16.55742821473159,species_22,3
Polymorphinids...41,Foram,Polymorphinids,Foram,#e7f0e7,NA,600,1.1125659385616629,species_8,4
Pyrgo williamsoni...,Foram,Pyrgo,Foram,#e7f0e7,NA,600,0,species_9,4
Quinqueloculina semi,Foram,Quinqueloculina,Foram,#e7f0e7,NA,600,0,species_23,4
Rabilimis mirabilis ,Ostracode,Rabilimis,Ostracode,#e7f0e7,NA,600,0,species_24,4
Robertsonites tuberc,Ostracode,Robertsonites,Ostracode,#e7f0e7,NA,600,0,species_45,4
Roundstonia globulif,Ostracode,Roundstonia,Ostracode,#e7f0e7,NA,600,0,species_29,4
Sarsicytheridea brad,Ostracode,Sarsicytheridea,Ostracode,#e7f0e7,NA,600,2.5124843945068664,species_32,4
Schizocythere ikeyai,Ostracode,Schizocythere,Ostracode,#e7f0e7,NA,600,0,species_47,4
Sclerochilus spp....,Ostracode,Sclerochilus,Ostracode,#e7f0e7,NA,600,0,species_42,4
Semicytherura compla,Ostracode,Semicytherura,Ostracode,#e7f0e7,NA,600,17.82147315855181,species_25,4
Semicytherura spp...,Ostracode,Semicytherura,Ostracode,#e7f0e7,NA,600,0,species_35,4
Spiroplectammina bif,Foram,Spiroplectammina,Spiroplectammina,#dd605a,S. biformis,600,0.9805945499587119,species_10,6
Spiroplectammina ear,Foram,Spiroplectammina,Spiroplectammina,#dd605a,NA,600,0,species_39,6
Stainforthia loeblic,Foram,Stainforthia,Foram,#e7f0e7,NA,600,0.7879163225984037,species_11,4
Stanforthia feylingi,Foram,Stanforthia,Foram,#e7f0e7,NA,600,0,species_12,4
Textularia torquata.,Foram,Textularia,Foram,#e7f0e7,NA,600,0,species_36,4
Acanthocythereis dun,Ostracode,Acanthocythereis,Ostracode,#e7f0e7,NA,700,1.8280541650973328,species_13,4
Argilloecia spp....6,Ostracode,Argilloecia,Ostracode,#e7f0e7,NA,700,0,species_37,4
Buccella frigida...3,Foram,Buccella,Foram,#e7f0e7,NA,700,1.022732073286142,species_1,4
Bythocythere constri,Ostracode,Bythocythere,Ostracode,#e7f0e7,NA,700,0.22985659966202748,species_14,4
C. reniforme...25,Foram,Cassidulina,Cassidulina,#3c475a,C. reniforme,700,18.483411145685324,species_2,2
C. teretis...24,Foram,Cassidulina,Cassidulina,#3c475a,NA,700,6.269973099293981,species_3,2
Cluthia cluthae (Bra,Ostracode,Cluthia,Ostracode,#e7f0e7,NA,700,1.598197565435305,species_15,4
Cytheromorpha macche,Ostracode,Cytheromorpha,Ostracode,#e7f0e7,NA,700,0,species_26,4
Cytheropteron arctic,Ostracode,Cytheropteron,Ostracode,#e7f0e7,NA,700,0,species_43,4
Cytheropteron biconv,Ostracode,Cytheropteron,Ostracode,#e7f0e7,NA,700,0,species_33,4
Cytheropteron elaeni,Ostracode,Cytheropteron,Ostracode,#e7f0e7,NA,700,1.7570917249332167,species_16,4
Cytheropteron inflat,Ostracode,Cytheropteron,Ostracode,#e7f0e7,NA,700,0,species_40,4
Cytheropteron montro,Ostracode,Cytheropteron,Ostracode,#e7f0e7,NA,700,0.9086277664492227,species_30,4
Cytheropteron nodoso,Ostracode,Cytheropteron,Ostracode,#e7f0e7,NA,700,0,species_46,4
Cytheropteron parala,Ostracode,Cytheropteron,Ostracode,#e7f0e7,NA,700,0,species_41,4
Cytheropteron spp...,Ostracode,Cytheropteron,Ostracode,#e7f0e7,NA,700,0.1696927916967988,species_31,4
Dentalina...39,Foram,Dentalina,Foram,#e7f0e7,NA,700,0,species_38,4
E. bartletti...29,Foram,Elphidium,Elphidium,#697a93,NA,700,0.6311902796007973,species_4,1
E. excavatum clavatu,Foram,Elphidium,Elphidium,#697a93,E. excavatum,700,9.205759064578007,species_5,1
E. incertum...26,Foram,Elphidium,Elphidium,#697a93,NA,700,0.6331452455257579,species_6,1
E. subarcticum...27,Foram,Elphidium,Elphidium,#697a93,NA,700,0.629476556964594,species_17,1
Elofsonella concinna,Ostracode,Elofsonella,Ostracode,#e7f0e7,NA,700,0,species_18,4
Eucythere sp....85,Ostracode,Eucythere,Ostracode,#e7f0e7,NA,700,0.22985659966202748,species_34,4
Haynesina orbicular.,Foram,Haynesina,Foram,#e7f0e7,NA,700,0.6978573422151026,species_7,4
Heterocyprideis sorb,Ostracode,Heterocyprideis,Ostracode,#e7f0e7,NA,700,0.5090783750903963,species_27,4
Jonesia acuminata (S,Ostracode,Jonesia,Ostracode,#e7f0e7,NA,700,0,species_48,4
Kotoracythere arctob,Ostracode,Kotoracythere,Kotoracythere,#c49051,K. arctoborealis,700,4.055657721553492,species_19,5
Nonion labridoricum.,Foram,Nonion,Foram,#e7f0e7,NA,700,0.06321056490705756,species_20,4
Normanicythere leiod,Ostracode,Normanicythere,Ostracode,#e7f0e7,NA,700,0.22985659966202748,species_28,4
Other...122,Ostracode,Other,Ostracode,#e7f0e7,NA,700,0,species_44,4
Palmenella limicola ,Ostracode,Palmenella,Ostracode,#e7f0e7,NA,700,0.7990987827176524,species_21,4
Paracyprideis pseudo,Ostracode,Paracyprideis,Paracyprideis,#729C9D,P. pseudopunctillata,700,32.32030617126938,species_22,3
Polymorphinids...41,Foram,Polymorphinids,Foram,#e7f0e7,NA,700,0.5737579391024902,species_8,4
Pyrgo williamsoni...,Foram,Pyrgo,Foram,#e7f0e7,NA,700,0,species_9,4
Quinqueloculina semi,Foram,Quinqueloculina,Foram,#e7f0e7,NA,700,0.0622764186276429,species_23,4
Rabilimis mirabilis ,Ostracode,Rabilimis,Ostracode,#e7f0e7,NA,700,1.1384843661112503,species_24,4
Robertsonites tuberc,Ostracode,Robertsonites,Ostracode,#e7f0e7,NA,700,0,species_45,4
Roundstonia globulif,Ostracode,Roundstonia,Ostracode,#e7f0e7,NA,700,0.3995493913588262,species_29,4
Sarsicytheridea brad,Ostracode,Sarsicytheridea,Ostracode,#e7f0e7,NA,700,0.5692421830556251,species_32,4
Schizocythere ikeyai,Ostracode,Schizocythere,Ostracode,#e7f0e7,NA,700,0,species_47,4
Sclerochilus spp....,Ostracode,Sclerochilus,Ostracode,#e7f0e7,NA,700,0,species_42,4
Semicytherura compla,Ostracode,Semicytherura,Ostracode,#e7f0e7,NA,700,3.8258011218914643,species_25,4
Semicytherura spp...,Ostracode,Semicytherura,Ostracode,#e7f0e7,NA,700,0,species_35,4
Spiroplectammina bif,Foram,Spiroplectammina,Spiroplectammina,#dd605a,S. biformis,700,2.6389857102190692,species_10,6
Spiroplectammina ear,Foram,Spiroplectammina,Spiroplectammina,#dd605a,NA,700,0,species_39,6
Stainforthia loeblic,Foram,Stainforthia,Foram,#e7f0e7,NA,700,1.4588112979770638,species_11,4
Stanforthia feylingi,Foram,Stanforthia,Foram,#e7f0e7,NA,700,6.995795805538893,species_12,4
Textularia torquata.,Foram,Textularia,Foram,#e7f0e7,NA,700,0.06516553083201809,species_36,4
Acanthocythereis dun,Ostracode,Acanthocythereis,Ostracode,#e7f0e7,NA,800,2.691037967717996,species_13,4
Argilloecia spp....6,Ostracode,Argilloecia,Ostracode,#e7f0e7,NA,800,0,species_37,4
Buccella frigida...3,Foram,Buccella,Foram,#e7f0e7,NA,800,0.8616238804807717,species_1,4
Bythocythere constri,Ostracode,Bythocythere,Ostracode,#e7f0e7,NA,800,0,species_14,4
C. reniforme...25,Foram,Cassidulina,Cassidulina,#3c475a,C. reniforme,800,10.911572010505484,species_2,2
C. teretis...24,Foram,Cassidulina,Cassidulina,#3c475a,NA,800,6.193465441018358,species_3,2
Cluthia cluthae (Bra,Ostracode,Cluthia,Ostracode,#e7f0e7,NA,800,1.345518983858998,species_15,4
Cytheromorpha macche,Ostracode,Cytheromorpha,Ostracode,#e7f0e7,NA,800,0,species_26,4
Cytheropteron arctic,Ostracode,Cytheropteron,Ostracode,#e7f0e7,NA,800,0,species_43,4
Cytheropteron biconv,Ostracode,Cytheropteron,Ostracode,#e7f0e7,NA,800,0,species_33,4
Cytheropteron elaeni,Ostracode,Cytheropteron,Ostracode,#e7f0e7,NA,800,0.7417604654607297,species_16,4
Cytheropteron inflat,Ostracode,Cytheropteron,Ostracode,#e7f0e7,NA,800,0,species_40,4
Cytheropteron montro,Ostracode,Cytheropteron,Ostracode,#e7f0e7,NA,800,2.458159682050093,species_30,4
Cytheropteron nodoso,Ostracode,Cytheropteron,Ostracode,#e7f0e7,NA,800,0,species_46,4
Cytheropteron parala,Ostracode,Cytheropteron,Ostracode,#e7f0e7,NA,800,0,species_41,4
Cytheropteron spp...,Ostracode,Cytheropteron,Ostracode,#e7f0e7,NA,800,0,species_31,4
Dentalina...39,Foram,Dentalina,Foram,#e7f0e7,NA,800,0,species_38,4
E. bartletti...29,Foram,Elphidium,Elphidium,#697a93,NA,800,1.4945914263104967,species_4,1
E. excavatum clavatu,Foram,Elphidium,Elphidium,#697a93,E. excavatum,800,9.889614416425704,species_5,1
E. incertum...26,Foram,Elphidium,Elphidium,#697a93,NA,800,0.04921633420118586,species_6,1
E. subarcticum...27,Foram,Elphidium,Elphidium,#697a93,NA,800,0.5683323187294338,species_17,1
Elofsonella concinna,Ostracode,Elofsonella,Ostracode,#e7f0e7,NA,800,1.578397269526902,species_18,4
Eucythere sp....85,Ostracode,Eucythere,Ostracode,#e7f0e7,NA,800,0,species_34,4
Haynesina orbicular.,Foram,Haynesina,Foram,#e7f0e7,NA,800,0.10463186302803756,species_7,4
Heterocyprideis sorb,Ostracode,Heterocyprideis,Ostracode,#e7f0e7,NA,800,0.37088023273036486,species_27,4
Jonesia acuminata (S,Ostracode,Jonesia,Ostracode,#e7f0e7,NA,800,0,species_48,4
Kotoracythere arctob,Ostracode,Kotoracythere,Kotoracythere,#c49051,K. arctoborealis,800,1.345518983858998,species_19,5
Nonion labridoricum.,Foram,Nonion,Foram,#e7f0e7,NA,800,0.304174905379997,species_20,4
Normanicythere leiod,Ostracode,Normanicythere,Ostracode,#e7f0e7,NA,800,0.7417604654607297,species_28,4
Other...122,Ostracode,Other,Ostracode,#e7f0e7,NA,800,0,species_44,4
Palmenella limicola ,Ostracode,Palmenella,Ostracode,#e7f0e7,NA,800,0.7417604654607297,species_21,4
Paracyprideis pseudo,Ostracode,Paracyprideis,Paracyprideis,#729C9D,P. pseudopunctillata,800,30.11892494638219,species_22,3
Polymorphinids...41,Foram,Polymorphinids,Foram,#e7f0e7,NA,800,0.5099463351914714,species_8,4
Pyrgo williamsoni...,Foram,Pyrgo,Foram,#e7f0e7,NA,800,0,species_9,4
Quinqueloculina semi,Foram,Quinqueloculina,Foram,#e7f0e7,NA,800,0,species_23,4
Rabilimis mirabilis ,Ostracode,Rabilimis,Ostracode,#e7f0e7,NA,800,1.345518983858998,species_24,4
Robertsonites tuberc,Ostracode,Robertsonites,Ostracode,#e7f0e7,NA,800,0,species_45,4
Roundstonia globulif,Ostracode,Roundstonia,Ostracode,#e7f0e7,NA,800,1.4835209309214594,species_29,4
Sarsicytheridea brad,Ostracode,Sarsicytheridea,Ostracode,#e7f0e7,NA,800,4.364311575850341,species_32,4
Schizocythere ikeyai,Ostracode,Schizocythere,Ostracode,#e7f0e7,NA,800,0,species_47,4
Sclerochilus spp....,Ostracode,Sclerochilus,Ostracode,#e7f0e7,NA,800,0,species_42,4
Semicytherura compla,Ostracode,Semicytherura,Ostracode,#e7f0e7,NA,800,2.596161629112554,species_25,4
Semicytherura spp...,Ostracode,Semicytherura,Ostracode,#e7f0e7,NA,800,0,species_35,4
Spiroplectammina bif,Foram,Spiroplectammina,Spiroplectammina,#dd605a,S. biformis,800,9.671480078433085,species_10,6
Spiroplectammina ear,Foram,Spiroplectammina,Spiroplectammina,#dd605a,NA,800,0,species_39,6
Stainforthia loeblic,Foram,Stainforthia,Foram,#e7f0e7,NA,800,1.032498865859922,species_11,4
Stanforthia feylingi,Foram,Stanforthia,Foram,#e7f0e7,NA,800,6.235893518813203,species_12,4
Textularia torquata.,Foram,Textularia,Foram,#e7f0e7,NA,800,0.24972602337177902,species_36,4
Acanthocythereis dun,Ostracode,Acanthocythereis,Ostracode,#e7f0e7,NA,900,0.7831307962285723,species_13,4
Argilloecia spp....6,Ostracode,Argilloecia,Ostracode,#e7f0e7,NA,900,0.5526524289840874,species_37,4
Buccella frigida...3,Foram,Buccella,Foram,#e7f0e7,NA,900,0.8922843167920212,species_1,4
Bythocythere constri,Ostracode,Bythocythere,Ostracode,#e7f0e7,NA,900,0,species_14,4
C. reniforme...25,Foram,Cassidulina,Cassidulina,#3c475a,C. reniforme,900,18.37411208641437,species_2,2
C. teretis...24,Foram,Cassidulina,Cassidulina,#3c475a,NA,900,9.12464233305166,species_3,2
Cluthia cluthae (Bra,Ostracode,Cluthia,Ostracode,#e7f0e7,NA,900,0.9442178270983737,species_15,4
Cytheromorpha macche,Ostracode,Cytheromorpha,Ostracode,#e7f0e7,NA,900,0.16108703086980125,species_26,4
Cytheropteron arctic,Ostracode,Cytheropteron,Ostracode,#e7f0e7,NA,900,0,species_43,4
Cytheropteron biconv,Ostracode,Cytheropteron,Ostracode,#e7f0e7,NA,900,0.9665221852188077,species_33,4
Cytheropteron elaeni,Ostracode,Cytheropteron,Ostracode,#e7f0e7,NA,900,0.8748264907236899,species_16,4
Cytheropteron inflat,Ostracode,Cytheropteron,Ostracode,#e7f0e7,NA,900,0,species_40,4
Cytheropteron montro,Ostracode,Cytheropteron,Ostracode,#e7f0e7,NA,900,0.3221740617396025,species_30,4
Cytheropteron nodoso,Ostracode,Cytheropteron,Ostracode,#e7f0e7,NA,900,0,species_46,4
Cytheropteron parala,Ostracode,Cytheropteron,Ostracode,#e7f0e7,NA,900,0,species_41,4
Cytheropteron spp...,Ostracode,Cytheropteron,Ostracode,#e7f0e7,NA,900,0.16108703086980125,species_31,4
Dentalina...39,Foram,Dentalina,Foram,#e7f0e7,NA,900,0.03946007887973426,species_38,4
E. bartletti...29,Foram,Elphidium,Elphidium,#697a93,NA,900,0.8555006019204917,species_4,1
E. excavatum clavatu,Foram,Elphidium,Elphidium,#697a93,E. excavatum,900,10.172401290602899,species_5,1
E. incertum...26,Foram,Elphidium,Elphidium,#697a93,NA,900,0.5983286372101877,species_6,1
E. subarcticum...27,Foram,Elphidium,Elphidium,#697a93,NA,900,0.4918212729937894,species_17,1
Elofsonella concinna,Ostracode,Elofsonella,Ostracode,#e7f0e7,NA,900,0.39156539811428615,species_18,4
Eucythere sp....85,Ostracode,Eucythere,Ostracode,#e7f0e7,NA,900,0,species_34,4
Haynesina orbicular.,Foram,Haynesina,Foram,#e7f0e7,NA,900,2.302647181871068,species_7,4
Heterocyprideis sorb,Ostracode,Heterocyprideis,Ostracode,#e7f0e7,NA,900,0.16108703086980125,species_27,4
Jonesia acuminata (S,Ostracode,Jonesia,Ostracode,#e7f0e7,NA,900,0,species_48,4
Kotoracythere arctob,Ostracode,Kotoracythere,Kotoracythere,#c49051,K. arctoborealis,900,2.2106097159363496,species_19,5
Nonion labridoricum.,Foram,Nonion,Foram,#e7f0e7,NA,900,0,species_20,4
Normanicythere leiod,Ostracode,Normanicythere,Ostracode,#e7f0e7,NA,900,0.39156539811428615,species_28,4
Other...122,Ostracode,Other,Ostracode,#e7f0e7,NA,900,0,species_44,4
Palmenella limicola ,Ostracode,Palmenella,Ostracode,#e7f0e7,NA,900,0.3221740617396025,species_21,4
Paracyprideis pseudo,Ostracode,Paracyprideis,Paracyprideis,#729C9D,P. pseudopunctillata,900,35.93727745604597,species_22,3
Polymorphinids...41,Foram,Polymorphinids,Foram,#e7f0e7,NA,900,0.2025042901284281,species_8,4
Pyrgo williamsoni...,Foram,Pyrgo,Foram,#e7f0e7,NA,900,0,species_9,4
Quinqueloculina semi,Foram,Quinqueloculina,Foram,#e7f0e7,NA,900,0.3022863760030343,species_23,4
Rabilimis mirabilis ,Ostracode,Rabilimis,Ostracode,#e7f0e7,NA,900,0.48326109260940386,species_24,4
Robertsonites tuberc,Ostracode,Robertsonites,Ostracode,#e7f0e7,NA,900,0,species_45,4
Roundstonia globulif,Ostracode,Roundstonia,Ostracode,#e7f0e7,NA,900,0,species_29,4
Sarsicytheridea brad,Ostracode,Sarsicytheridea,Ostracode,#e7f0e7,NA,900,4.8127848299869855,species_32,4
Schizocythere ikeyai,Ostracode,Schizocythere,Ostracode,#e7f0e7,NA,900,0,species_47,4
Sclerochilus spp....,Ostracode,Sclerochilus,Ostracode,#e7f0e7,NA,900,0,species_42,4
Semicytherura compla,Ostracode,Semicytherura,Ostracode,#e7f0e7,NA,900,1.4274789197077775,species_25,4
Semicytherura spp...,Ostracode,Semicytherura,Ostracode,#e7f0e7,NA,900,0,species_35,4
Spiroplectammina bif,Foram,Spiroplectammina,Spiroplectammina,#dd605a,S. biformis,900,1.7523102274558986,species_10,6
Spiroplectammina ear,Foram,Spiroplectammina,Spiroplectammina,#dd605a,NA,900,0.07892015775946852,species_39,6
Stainforthia loeblic,Foram,Stainforthia,Foram,#e7f0e7,NA,900,1.1802440176155462,species_11,4
Stanforthia feylingi,Foram,Stanforthia,Foram,#e7f0e7,NA,900,2.627644529396203,species_12,4
Textularia torquata.,Foram,Textularia,Foram,#e7f0e7,NA,900,0.10139084704795041,species_36,4
Acanthocythereis dun,Ostracode,Acanthocythereis,Ostracode,#e7f0e7,NA,1000,1.9400170328262536,species_13,4
Argilloecia spp....6,Ostracode,Argilloecia,Ostracode,#e7f0e7,NA,1000,0.20089235722683665,species_37,4
Buccella frigida...3,Foram,Buccella,Foram,#e7f0e7,NA,1000,0.2093738886613686,species_1,4
Bythocythere constri,Ostracode,Bythocythere,Ostracode,#e7f0e7,NA,1000,0,species_14,4
C. reniforme...25,Foram,Cassidulina,Cassidulina,#3c475a,C. reniforme,1000,11.317363967397666,species_2,2
C. teretis...24,Foram,Cassidulina,Cassidulina,#3c475a,NA,1000,4.226211414152788,species_3,2
Cluthia cluthae (Bra,Ostracode,Cluthia,Ostracode,#e7f0e7,NA,1000,0.6324389023807817,species_15,4
Cytheromorpha macche,Ostracode,Cytheromorpha,Ostracode,#e7f0e7,NA,1000,0,species_26,4
Cytheropteron arctic,Ostracode,Cytheropteron,Ostracode,#e7f0e7,NA,1000,0,species_43,4
Cytheropteron biconv,Ostracode,Cytheropteron,Ostracode,#e7f0e7,NA,1000,0.4017847144536733,species_33,4
Cytheropteron elaeni,Ostracode,Cytheropteron,Ostracode,#e7f0e7,NA,1000,2.5435830087422806,species_16,4
Cytheropteron inflat,Ostracode,Cytheropteron,Ostracode,#e7f0e7,NA,1000,0.6044548801515438,species_40,4
Cytheropteron montro,Ostracode,Cytheropteron,Ostracode,#e7f0e7,NA,1000,0.2515598986513043,species_30,4
Cytheropteron nodoso,Ostracode,Cytheropteron,Ostracode,#e7f0e7,NA,1000,0,species_46,4
Cytheropteron parala,Ostracode,Cytheropteron,Ostracode,#e7f0e7,NA,1000,0,species_41,4
Cytheropteron spp...,Ostracode,Cytheropteron,Ostracode,#e7f0e7,NA,1000,0.20089235722683665,species_31,4
Dentalina...39,Foram,Dentalina,Foram,#e7f0e7,NA,1000,0.05227301131922789,species_38,4
E. bartletti...29,Foram,Elphidium,Elphidium,#697a93,NA,1000,0.10617109034786183,species_4,1
E. excavatum clavatu,Foram,Elphidium,Elphidium,#697a93,E. excavatum,1000,8.85192937538046,species_5,1
E. incertum...26,Foram,Elphidium,Elphidium,#697a93,NA,1000,0.052007666084104905,species_6,1
E. subarcticum...27,Foram,Elphidium,Elphidium,#697a93,NA,1000,0.7225610894786235,species_17,1
Elofsonella concinna,Ostracode,Elofsonella,Ostracode,#e7f0e7,NA,1000,0.6324389023807817,species_18,4
Eucythere sp....85,Ostracode,Eucythere,Ostracode,#e7f0e7,NA,1000,0,species_34,4
Haynesina orbicular.,Foram,Haynesina,Foram,#e7f0e7,NA,1000,0,species_7,4
Heterocyprideis sorb,Ostracode,Heterocyprideis,Ostracode,#e7f0e7,NA,1000,0,species_27,4
Jonesia acuminata (S,Ostracode,Jonesia,Ostracode,#e7f0e7,NA,1000,0,species_48,4
Kotoracythere arctob,Ostracode,Kotoracythere,Kotoracythere,#c49051,K. arctoborealis,1000,1.9688899592910087,species_19,5
Nonion labridoricum.,Foram,Nonion,Foram,#e7f0e7,NA,1000,0,species_20,4
Normanicythere leiod,Ostracode,Normanicythere,Ostracode,#e7f0e7,NA,1000,0,species_28,4
Other...122,Ostracode,Other,Ostracode,#e7f0e7,NA,1000,0,species_44,4
Palmenella limicola ,Ostracode,Palmenella,Ostracode,#e7f0e7,NA,1000,2.7813155081744316,species_21,4
Paracyprideis pseudo,Ostracode,Paracyprideis,Paracyprideis,#729C9D,P. pseudopunctillata,1000,33.47721994807939,species_22,3
Polymorphinids...41,Foram,Polymorphinids,Foram,#e7f0e7,NA,1000,0.2637343981157361,species_8,4
Pyrgo williamsoni...,Foram,Pyrgo,Foram,#e7f0e7,NA,1000,0.6392117800754188,species_9,4
Quinqueloculina semi,Foram,Quinqueloculina,Foram,#e7f0e7,NA,1000,0.31420175468428146,species_23,4
Rabilimis mirabilis ,Ostracode,Rabilimis,Ostracode,#e7f0e7,NA,1000,1.3573567676344225,species_24,4
Robertsonites tuberc,Ostracode,Robertsonites,Ostracode,#e7f0e7,NA,1000,0,species_45,4
Roundstonia globulif,Ostracode,Roundstonia,Ostracode,#e7f0e7,NA,1000,0.20089235722683665,species_29,4
Sarsicytheridea brad,Ostracode,Sarsicytheridea,Ostracode,#e7f0e7,NA,1000,1.4595807547188748,species_32,4
Schizocythere ikeyai,Ostracode,Schizocythere,Ostracode,#e7f0e7,NA,1000,0,species_47,4
Sclerochilus spp....,Ostracode,Sclerochilus,Ostracode,#e7f0e7,NA,1000,0,species_42,4
Semicytherura compla,Ostracode,Semicytherura,Ostracode,#e7f0e7,NA,1000,2.5742337436780693,species_25,4
Semicytherura spp...,Ostracode,Semicytherura,Ostracode,#e7f0e7,NA,1000,0,species_35,4
Spiroplectammina bif,Foram,Spiroplectammina,Spiroplectammina,#dd605a,S. biformis,1000,11.138787064469986,species_10,6
Spiroplectammina ear,Foram,Spiroplectammina,Spiroplectammina,#dd605a,NA,1000,0,species_39,6
Stainforthia loeblic,Foram,Stainforthia,Foram,#e7f0e7,NA,1000,1.1587377837317228,species_11,4
Stanforthia feylingi,Foram,Stanforthia,Foram,#e7f0e7,NA,1000,9.300788300065213,species_12,4
Textularia torquata.,Foram,Textularia,Foram,#e7f0e7,NA,1000,0.41909632319221984,species_36,4
Acanthocythereis dun,Ostracode,Acanthocythereis,Ostracode,#e7f0e7,NA,1100,1.6982535981242428,species_13,4
Argilloecia spp....6,Ostracode,Argilloecia,Ostracode,#e7f0e7,NA,1100,0,species_37,4
Buccella frigida...3,Foram,Buccella,Foram,#e7f0e7,NA,1100,0.3704279161549365,species_1,4
Bythocythere constri,Ostracode,Bythocythere,Ostracode,#e7f0e7,NA,1100,0,species_14,4
C. reniforme...25,Foram,Cassidulina,Cassidulina,#3c475a,C. reniforme,1100,10.56281938158672,species_2,2
C. teretis...24,Foram,Cassidulina,Cassidulina,#3c475a,NA,1100,3.444250818162037,species_3,2
Cluthia cluthae (Bra,Ostracode,Cluthia,Ostracode,#e7f0e7,NA,1100,1.6982535981242428,species_15,4
Cytheromorpha macche,Ostracode,Cytheromorpha,Ostracode,#e7f0e7,NA,1100,0,species_26,4
Cytheropteron arctic,Ostracode,Cytheropteron,Ostracode,#e7f0e7,NA,1100,0,species_43,4
Cytheropteron biconv,Ostracode,Cytheropteron,Ostracode,#e7f0e7,NA,1100,0,species_33,4
Cytheropteron elaeni,Ostracode,Cytheropteron,Ostracode,#e7f0e7,NA,1100,4.909850660479544,species_16,4
Cytheropteron inflat,Ostracode,Cytheropteron,Ostracode,#e7f0e7,NA,1100,0.2676330885296085,species_40,4
Cytheropteron montro,Ostracode,Cytheropteron,Ostracode,#e7f0e7,NA,1100,0.4768735031982114,species_30,4
Cytheropteron nodoso,Ostracode,Cytheropteron,Ostracode,#e7f0e7,NA,1100,0,species_46,4
Cytheropteron parala,Ostracode,Cytheropteron,Ostracode,#e7f0e7,NA,1100,0.2676330885296085,species_41,4
Cytheropteron spp...,Ostracode,Cytheropteron,Ostracode,#e7f0e7,NA,1100,0,species_31,4
Dentalina...39,Foram,Dentalina,Foram,#e7f0e7,NA,1100,0.10111079374640977,species_38,4
E. bartletti...29,Foram,Elphidium,Elphidium,#697a93,NA,1100,0.5232778010618203,species_4,1
E. excavatum clavatu,Foram,Elphidium,Elphidium,#697a93,E. excavatum,1100,6.86523033904943,species_5,1
E. incertum...26,Foram,Elphidium,Elphidium,#697a93,NA,1100,0.1443745468398255,species_6,1
E. subarcticum...27,Foram,Elphidium,Elphidium,#697a93,NA,1100,1.0304139044228917,species_17,1
Elofsonella concinna,Ostracode,Elofsonella,Ostracode,#e7f0e7,NA,1100,0,species_18,4
Eucythere sp....85,Ostracode,Eucythere,Ostracode,#e7f0e7,NA,1100,0,species_34,4
Haynesina orbicular.,Foram,Haynesina,Foram,#e7f0e7,NA,1100,0.10791378286451675,species_7,4
Heterocyprideis sorb,Ostracode,Heterocyprideis,Ostracode,#e7f0e7,NA,1100,0,species_27,4
Jonesia acuminata (S,Ostracode,Jonesia,Ostracode,#e7f0e7,NA,1100,0,species_48,4
Kotoracythere arctob,Ostracode,Kotoracythere,Kotoracythere,#c49051,K. arctoborealis,1100,2.291912449044465,species_19,5
Nonion labridoricum.,Foram,Nonion,Foram,#e7f0e7,NA,1100,0.16128321078806154,species_20,4
Normanicythere leiod,Ostracode,Normanicythere,Ostracode,#e7f0e7,NA,1100,0,species_28,4
Other...122,Ostracode,Other,Ostracode,#e7f0e7,NA,1100,0,species_44,4
Palmenella limicola ,Ostracode,Palmenella,Ostracode,#e7f0e7,NA,1100,1.6982535981242428,species_21,4
Paracyprideis pseudo,Ostracode,Paracyprideis,Paracyprideis,#729C9D,P. pseudopunctillata,1100,27.687859522426766,species_22,3
Polymorphinids...41,Foram,Polymorphinids,Foram,#e7f0e7,NA,1100,0.31506839283242927,species_8,4
Pyrgo williamsoni...,Foram,Pyrgo,Foram,#e7f0e7,NA,1100,0,species_9,4
Quinqueloculina semi,Foram,Quinqueloculina,Foram,#e7f0e7,NA,1100,0.096249697893217,species_23,4
Rabilimis mirabilis ,Ostracode,Rabilimis,Ostracode,#e7f0e7,NA,1100,0.535266177059217,species_24,4
Robertsonites tuberc,Ostracode,Robertsonites,Ostracode,#e7f0e7,NA,1100,0,species_45,4
Roundstonia globulif,Ostracode,Roundstonia,Ostracode,#e7f0e7,NA,1100,0,species_29,4
Sarsicytheridea brad,Ostracode,Sarsicytheridea,Ostracode,#e7f0e7,NA,1100,3.245659455440888,species_32,4
Schizocythere ikeyai,Ostracode,Schizocythere,Ostracode,#e7f0e7,NA,1100,0,species_47,4
Sclerochilus spp....,Ostracode,Sclerochilus,Ostracode,#e7f0e7,NA,1100,0.535266177059217,species_42,4
Semicytherura compla,Ostracode,Semicytherura,Ostracode,#e7f0e7,NA,1100,7.143370435663004,species_25,4
Semicytherura spp...,Ostracode,Semicytherura,Ostracode,#e7f0e7,NA,1100,0,species_35,4
Spiroplectammina bif,Foram,Spiroplectammina,Spiroplectammina,#dd605a,S. biformis,1100,11.59170451276446,species_10,6
Spiroplectammina ear,Foram,Spiroplectammina,Spiroplectammina,#dd605a,NA,1100,0,species_39,6
Stainforthia loeblic,Foram,Stainforthia,Foram,#e7f0e7,NA,1100,1.131662361464934,species_11,4
Stanforthia feylingi,Foram,Stanforthia,Foram,#e7f0e7,NA,1100,10.202809076797784,species_12,4
Textularia torquata.,Foram,Textularia,Foram,#e7f0e7,NA,1100,0.8953181117672783,species_36,4
Acanthocythereis dun,Ostracode,Acanthocythereis,Ostracode,#e7f0e7,NA,1200,1.6646906697198962,species_13,4
Argilloecia spp....6,Ostracode,Argilloecia,Ostracode,#e7f0e7,NA,1200,0.3577619350464729,species_37,4
Buccella frigida...3,Foram,Buccella,Foram,#e7f0e7,NA,1200,1.7088029193902965,species_1,4
Bythocythere constri,Ostracode,Bythocythere,Ostracode,#e7f0e7,NA,1200,0.11925397834882429,species_14,4
C. reniforme...25,Foram,Cassidulina,Cassidulina,#3c475a,C. reniforme,1200,13.51843980045394,species_2,2
C. teretis...24,Foram,Cassidulina,Cassidulina,#3c475a,NA,1200,4.5161359949300675,species_3,2
Cluthia cluthae (Bra,Ostracode,Cluthia,Ostracode,#e7f0e7,NA,1200,2.799488662059639,species_15,4
Cytheromorpha macche,Ostracode,Cytheromorpha,Ostracode,#e7f0e7,NA,1200,0,species_26,4
Cytheropteron arctic,Ostracode,Cytheropteron,Ostracode,#e7f0e7,NA,1200,0.46090051091572626,species_43,4
Cytheropteron biconv,Ostracode,Cytheropteron,Ostracode,#e7f0e7,NA,1200,0.23850795669764857,species_33,4
Cytheropteron elaeni,Ostracode,Cytheropteron,Ostracode,#e7f0e7,NA,1200,3.3616121443989337,species_16,4
Cytheropteron inflat,Ostracode,Cytheropteron,Ostracode,#e7f0e7,NA,1200,0,species_40,4
Cytheropteron montro,Ostracode,Cytheropteron,Ostracode,#e7f0e7,NA,1200,1.5758127047240742,species_30,4
Cytheropteron nodoso,Ostracode,Cytheropteron,Ostracode,#e7f0e7,NA,1200,0,species_46,4
Cytheropteron parala,Ostracode,Cytheropteron,Ostracode,#e7f0e7,NA,1200,0,species_41,4
Cytheropteron spp...,Ostracode,Cytheropteron,Ostracode,#e7f0e7,NA,1200,0,species_31,4
Dentalina...39,Foram,Dentalina,Foram,#e7f0e7,NA,1200,0,species_38,4
E. bartletti...29,Foram,Elphidium,Elphidium,#697a93,NA,1200,0.850152391360247,species_4,1
E. excavatum clavatu,Foram,Elphidium,Elphidium,#697a93,E. excavatum,1200,6.187363599794681,species_5,1
E. incertum...26,Foram,Elphidium,Elphidium,#697a93,NA,1200,0.6083727396281354,species_6,1
E. subarcticum...27,Foram,Elphidium,Elphidium,#697a93,NA,1200,0.6015788152152557,species_17,1
Elofsonella concinna,Ostracode,Elofsonella,Ostracode,#e7f0e7,NA,1200,0,species_18,4
Eucythere sp....85,Ostracode,Eucythere,Ostracode,#e7f0e7,NA,1200,0,species_34,4
Haynesina orbicular.,Foram,Haynesina,Foram,#e7f0e7,NA,1200,0.36608518507037524,species_7,4
Heterocyprideis sorb,Ostracode,Heterocyprideis,Ostracode,#e7f0e7,NA,1200,0,species_27,4
Jonesia acuminata (S,Ostracode,Jonesia,Ostracode,#e7f0e7,NA,1200,0,species_48,4
Kotoracythere arctob,Ostracode,Kotoracythere,Kotoracythere,#c49051,K. arctoborealis,1200,1.4621839140332133,species_19,5
Nonion labridoricum.,Foram,Nonion,Foram,#e7f0e7,NA,1200,0.12300625356631938,species_20,4
Normanicythere leiod,Ostracode,Normanicythere,Ostracode,#e7f0e7,NA,1200,0,species_28,4
Other...122,Ostracode,Other,Ostracode,#e7f0e7,NA,1200,0,species_44,4
Palmenella limicola ,Ostracode,Palmenella,Ostracode,#e7f0e7,NA,1200,0.6378962804130506,species_21,4
Paracyprideis pseudo,Ostracode,Paracyprideis,Paracyprideis,#729C9D,P. pseudopunctillata,1200,30.589679264745705,species_22,3
Polymorphinids...41,Foram,Polymorphinids,Foram,#e7f0e7,NA,1200,0,species_8,4
Pyrgo williamsoni...,Foram,Pyrgo,Foram,#e7f0e7,NA,1200,0,species_9,4
Quinqueloculina semi,Foram,Quinqueloculina,Foram,#e7f0e7,NA,1200,0.06300487279759313,species_23,4
Rabilimis mirabilis ,Ostracode,Rabilimis,Ostracode,#e7f0e7,NA,1200,0.11925397834882429,species_24,4
Robertsonites tuberc,Ostracode,Robertsonites,Ostracode,#e7f0e7,NA,1200,0,species_45,4
Roundstonia globulif,Ostracode,Roundstonia,Ostracode,#e7f0e7,NA,1200,0.28013434536657783,species_29,4
Sarsicytheridea brad,Ostracode,Sarsicytheridea,Ostracode,#e7f0e7,NA,1200,0.23850795669764857,species_32,4
Schizocythere ikeyai,Ostracode,Schizocythere,Ostracode,#e7f0e7,NA,1200,0,species_47,4
Sclerochilus spp....,Ostracode,Sclerochilus,Ostracode,#e7f0e7,NA,1200,0,species_42,4
Semicytherura compla,Ostracode,Semicytherura,Ostracode,#e7f0e7,NA,1200,7.254272410129387,species_25,4
Semicytherura spp...,Ostracode,Semicytherura,Ostracode,#e7f0e7,NA,1200,0,species_35,4
Spiroplectammina bif,Foram,Spiroplectammina,Spiroplectammina,#dd605a,S. biformis,1200,12.281334015982168,species_10,6
Spiroplectammina ear,Foram,Spiroplectammina,Spiroplectammina,#dd605a,NA,1200,0.6170431349672538,species_39,6
Stainforthia loeblic,Foram,Stainforthia,Foram,#e7f0e7,NA,1200,1.1070562820968741,species_11,4
Stanforthia feylingi,Foram,Stanforthia,Foram,#e7f0e7,NA,1200,5.802477938786585,species_12,4
Textularia torquata.,Foram,Textularia,Foram,#e7f0e7,NA,1200,0.48918934431457706,species_36,4
Acanthocythereis dun,Ostracode,Acanthocythereis,Ostracode,#e7f0e7,NA,1300,1.1873618335520837,species_13,4
Argilloecia spp....6,Ostracode,Argilloecia,Ostracode,#e7f0e7,NA,1300,0.9181344410606229,species_37,4
Buccella frigida...3,Foram,Buccella,Foram,#e7f0e7,NA,1300,1.3825634530164987,species_1,4
Bythocythere constri,Ostracode,Bythocythere,Ostracode,#e7f0e7,NA,1300,0,species_14,4
C. reniforme...25,Foram,Cassidulina,Cassidulina,#3c475a,C. reniforme,1300,19.185430986826855,species_2,2
C. teretis...24,Foram,Cassidulina,Cassidulina,#3c475a,NA,1300,4.775130712700084,species_3,2
Cluthia cluthae (Bra,Ostracode,Cluthia,Ostracode,#e7f0e7,NA,1300,0.8076821774743826,species_15,4
Cytheromorpha macche,Ostracode,Cytheromorpha,Ostracode,#e7f0e7,NA,1300,0,species_26,4
Cytheropteron arctic,Ostracode,Cytheropteron,Ostracode,#e7f0e7,NA,1300,0,species_43,4
Cytheropteron biconv,Ostracode,Cytheropteron,Ostracode,#e7f0e7,NA,1300,0,species_33,4
Cytheropteron elaeni,Ostracode,Cytheropteron,Ostracode,#e7f0e7,NA,1300,1.7258166185350057,species_16,4
Cytheropteron inflat,Ostracode,Cytheropteron,Ostracode,#e7f0e7,NA,1300,0,species_40,4
Cytheropteron montro,Ostracode,Cytheropteron,Ostracode,#e7f0e7,NA,1300,2.105496274612707,species_30,4
Cytheropteron nodoso,Ostracode,Cytheropteron,Ostracode,#e7f0e7,NA,1300,0,species_46,4
Cytheropteron parala,Ostracode,Cytheropteron,Ostracode,#e7f0e7,NA,1300,0,species_41,4
Cytheropteron spp...,Ostracode,Cytheropteron,Ostracode,#e7f0e7,NA,1300,0,species_31,4
Dentalina...39,Foram,Dentalina,Foram,#e7f0e7,NA,1300,0,species_38,4
E. bartletti...29,Foram,Elphidium,Elphidium,#697a93,NA,1300,0.6888116261500046,species_4,1
E. excavatum clavatu,Foram,Elphidium,Elphidium,#697a93,E. excavatum,1300,11.917679912294146,species_5,1
E. incertum...26,Foram,Elphidium,Elphidium,#697a93,NA,1300,0.24025004339595699,species_6,1
E. subarcticum...27,Foram,Elphidium,Elphidium,#697a93,NA,1300,0.4499632563052648,species_17,1
Elofsonella concinna,Ostracode,Elofsonella,Ostracode,#e7f0e7,NA,1300,2.105496274612707,species_18,4
Eucythere sp....85,Ostracode,Eucythere,Ostracode,#e7f0e7,NA,1300,0,species_34,4
Haynesina orbicular.,Foram,Haynesina,Foram,#e7f0e7,NA,1300,0.9058520605411029,species_7,4
Heterocyprideis sorb,Ostracode,Heterocyprideis,Ostracode,#e7f0e7,NA,1300,0,species_27,4
Jonesia acuminata (S,Ostracode,Jonesia,Ostracode,#e7f0e7,NA,1300,0,species_48,4
Kotoracythere arctob,Ostracode,Kotoracythere,Kotoracythere,#c49051,K. arctoborealis,1300,3.0719535809923104,species_19,5
Nonion labridoricum.,Foram,Nonion,Foram,#e7f0e7,NA,1300,0,species_20,4
Normanicythere leiod,Ostracode,Normanicythere,Ostracode,#e7f0e7,NA,1300,0,species_28,4
Other...122,Ostracode,Other,Ostracode,#e7f0e7,NA,1300,0.2692273924914609,species_44,4
Palmenella limicola ,Ostracode,Palmenella,Ostracode,#e7f0e7,NA,1300,2.5956281942766486,species_21,4
Paracyprideis pseudo,Ostracode,Paracyprideis,Paracyprideis,#729C9D,P. pseudopunctillata,1300,27.18506337516341,species_22,3
Polymorphinids...41,Foram,Polymorphinids,Foram,#e7f0e7,NA,1300,0.3373676789726125,species_8,4
Pyrgo williamsoni...,Foram,Pyrgo,Foram,#e7f0e7,NA,1300,0,species_9,4
Quinqueloculina semi,Foram,Quinqueloculina,Foram,#e7f0e7,NA,1300,0.04382229418908627,species_23,4
Rabilimis mirabilis ,Ostracode,Rabilimis,Ostracode,#e7f0e7,NA,1300,0,species_24,4
Robertsonites tuberc,Ostracode,Robertsonites,Ostracode,#e7f0e7,NA,1300,0,species_45,4
Roundstonia globulif,Ostracode,Roundstonia,Ostracode,#e7f0e7,NA,1300,0,species_29,4
Sarsicytheridea brad,Ostracode,Sarsicytheridea,Ostracode,#e7f0e7,NA,1300,4.542349339984135,species_32,4
Schizocythere ikeyai,Ostracode,Schizocythere,Ostracode,#e7f0e7,NA,1300,0,species_47,4
Sclerochilus spp....,Ostracode,Sclerochilus,Ostracode,#e7f0e7,NA,1300,0,species_42,4
Semicytherura compla,Ostracode,Semicytherura,Ostracode,#e7f0e7,NA,1300,4.100540285639174,species_25,4
Semicytherura spp...,Ostracode,Semicytherura,Ostracode,#e7f0e7,NA,1300,0,species_35,4
Spiroplectammina bif,Foram,Spiroplectammina,Spiroplectammina,#dd605a,S. biformis,1300,5.465080419556679,species_10,6
Spiroplectammina ear,Foram,Spiroplectammina,Spiroplectammina,#dd605a,NA,1300,0,species_39,6
Stainforthia loeblic,Foram,Stainforthia,Foram,#e7f0e7,NA,1300,0.8011132535092798,species_11,4
Stanforthia feylingi,Foram,Stanforthia,Foram,#e7f0e7,NA,1300,2.9514797110951476,species_12,4
Textularia torquata.,Foram,Textularia,Foram,#e7f0e7,NA,1300,0.2407048030526362,species_36,4
Acanthocythereis dun,Ostracode,Acanthocythereis,Ostracode,#e7f0e7,NA,1400,4.879676821676677,species_13,4
Argilloecia spp....6,Ostracode,Argilloecia,Ostracode,#e7f0e7,NA,1400,0.2050111126062899,species_37,4
Buccella frigida...3,Foram,Buccella,Foram,#e7f0e7,NA,1400,1.6837781889781764,species_1,4
Bythocythere constri,Ostracode,Bythocythere,Ostracode,#e7f0e7,NA,1400,0,species_14,4
C. reniforme...25,Foram,Cassidulina,Cassidulina,#3c475a,C. reniforme,1400,19.170964291484744,species_2,2
C. teretis...24,Foram,Cassidulina,Cassidulina,#3c475a,NA,1400,4.4654224144619175,species_3,2
Cluthia cluthae (Bra,Ostracode,Cluthia,Ostracode,#e7f0e7,NA,1400,1.7878876099385748,species_15,4
Cytheromorpha macche,Ostracode,Cytheromorpha,Ostracode,#e7f0e7,NA,1400,0,species_26,4
Cytheropteron arctic,Ostracode,Cytheropteron,Ostracode,#e7f0e7,NA,1400,0,species_43,4
Cytheropteron biconv,Ostracode,Cytheropteron,Ostracode,#e7f0e7,NA,1400,0,species_33,4
Cytheropteron elaeni,Ostracode,Cytheropteron,Ostracode,#e7f0e7,NA,1400,2.1196937789902384,species_16,4
Cytheropteron inflat,Ostracode,Cytheropteron,Ostracode,#e7f0e7,NA,1400,0,species_40,4
Cytheropteron montro,Ostracode,Cytheropteron,Ostracode,#e7f0e7,NA,1400,3.3750163805053077,species_30,4
Cytheropteron nodoso,Ostracode,Cytheropteron,Ostracode,#e7f0e7,NA,1400,0,species_46,4
Cytheropteron parala,Ostracode,Cytheropteron,Ostracode,#e7f0e7,NA,1400,0.2050111126062899,species_41,4
Cytheropteron spp...,Ostracode,Cytheropteron,Ostracode,#e7f0e7,NA,1400,1.4160069870713512,species_31,4
Dentalina...39,Foram,Dentalina,Foram,#e7f0e7,NA,1400,0,species_38,4
E. bartletti...29,Foram,Elphidium,Elphidium,#697a93,NA,1400,4.3531779764858305,species_4,1
E. excavatum clavatu,Foram,Elphidium,Elphidium,#697a93,E. excavatum,1400,10.195500151403914,species_5,1
E. incertum...26,Foram,Elphidium,Elphidium,#697a93,NA,1400,0,species_6,1
E. subarcticum...27,Foram,Elphidium,Elphidium,#697a93,NA,1400,0,species_17,1
Elofsonella concinna,Ostracode,Elofsonella,Ostracode,#e7f0e7,NA,1400,0.3909514240399017,species_18,4
Eucythere sp....85,Ostracode,Eucythere,Ostracode,#e7f0e7,NA,1400,0,species_34,4
Haynesina orbicular.,Foram,Haynesina,Foram,#e7f0e7,NA,1400,1.3786597613969882,species_7,4
Heterocyprideis sorb,Ostracode,Heterocyprideis,Ostracode,#e7f0e7,NA,1400,0,species_27,4
Jonesia acuminata (S,Ostracode,Jonesia,Ostracode,#e7f0e7,NA,1400,0,species_48,4
Kotoracythere arctob,Ostracode,Kotoracythere,Kotoracythere,#c49051,K. arctoborealis,1400,2.867707297959134,species_19,5
Nonion labridoricum.,Foram,Nonion,Foram,#e7f0e7,NA,1400,0.09582230756571966,species_20,4
Normanicythere leiod,Ostracode,Normanicythere,Ostracode,#e7f0e7,NA,1400,0,species_28,4
Other...122,Ostracode,Other,Ostracode,#e7f0e7,NA,1400,0,species_44,4
Palmenella limicola ,Ostracode,Palmenella,Ostracode,#e7f0e7,NA,1400,3.062281012626323,species_21,4
Paracyprideis pseudo,Ostracode,Paracyprideis,Paracyprideis,#729C9D,P. pseudopunctillata,1400,12.356332878719268,species_22,3
Polymorphinids...41,Foram,Polymorphinids,Foram,#e7f0e7,NA,1400,0.7572413062064505,species_8,4
Pyrgo williamsoni...,Foram,Pyrgo,Foram,#e7f0e7,NA,1400,0.05094215525368416,species_9,4
Quinqueloculina semi,Foram,Quinqueloculina,Foram,#e7f0e7,NA,1400,0.09128096597492728,species_23,4
Rabilimis mirabilis ,Ostracode,Rabilimis,Ostracode,#e7f0e7,NA,1400,0,species_24,4
Robertsonites tuberc,Ostracode,Robertsonites,Ostracode,#e7f0e7,NA,1400,0.45434895226258837,species_45,4
Roundstonia globulif,Ostracode,Roundstonia,Ostracode,#e7f0e7,NA,1400,1.069382290081458,species_29,4
Sarsicytheridea brad,Ostracode,Sarsicytheridea,Ostracode,#e7f0e7,NA,1400,0.4100222252125798,species_32,4
Schizocythere ikeyai,Ostracode,Schizocythere,Ostracode,#e7f0e7,NA,1400,0,species_47,4
Sclerochilus spp....,Ostracode,Sclerochilus,Ostracode,#e7f0e7,NA,1400,0,species_42,4
Semicytherura compla,Ostracode,Semicytherura,Ostracode,#e7f0e7,NA,1400,15.833403816851337,species_25,4
Semicytherura spp...,Ostracode,Semicytherura,Ostracode,#e7f0e7,NA,1400,0,species_35,4
Spiroplectammina bif,Foram,Spiroplectammina,Spiroplectammina,#dd605a,S. biformis,1400,2.975223372808114,species_10,6
Spiroplectammina ear,Foram,Spiroplectammina,Spiroplectammina,#dd605a,NA,1400,0,species_39,6
Stainforthia loeblic,Foram,Stainforthia,Foram,#e7f0e7,NA,1400,1.9264999606994422,species_11,4
Stanforthia feylingi,Foram,Stanforthia,Foram,#e7f0e7,NA,1400,1.93346355209688,species_12,4
Textularia torquata.,Foram,Textularia,Foram,#e7f0e7,NA,1400,0.4892898940359092,species_36,4
Acanthocythereis dun,Ostracode,Acanthocythereis,Ostracode,#e7f0e7,NA,1500,2.1617677074380777,species_13,4
Argilloecia spp....6,Ostracode,Argilloecia,Ostracode,#e7f0e7,NA,1500,0.5780127559994861,species_37,4
Buccella frigida...3,Foram,Buccella,Foram,#e7f0e7,NA,1500,1.6415163516780038,species_1,4
Bythocythere constri,Ostracode,Bythocythere,Ostracode,#e7f0e7,NA,1500,0,species_14,4
C. reniforme...25,Foram,Cassidulina,Cassidulina,#3c475a,C. reniforme,1500,13.61824314433635,species_2,2
C. teretis...24,Foram,Cassidulina,Cassidulina,#3c475a,NA,1500,5.790375477395882,species_3,2
Cluthia cluthae (Bra,Ostracode,Cluthia,Ostracode,#e7f0e7,NA,1500,1.5837549514385918,species_15,4
Cytheromorpha macche,Ostracode,Cytheromorpha,Ostracode,#e7f0e7,NA,1500,0,species_26,4
Cytheropteron arctic,Ostracode,Cytheropteron,Ostracode,#e7f0e7,NA,1500,0,species_43,4
Cytheropteron biconv,Ostracode,Cytheropteron,Ostracode,#e7f0e7,NA,1500,0.28900637799974305,species_33,4
Cytheropteron elaeni,Ostracode,Cytheropteron,Ostracode,#e7f0e7,NA,1500,5.0402712323155185,species_16,4
Cytheropteron inflat,Ostracode,Cytheropteron,Ostracode,#e7f0e7,NA,1500,0.28900637799974305,species_40,4
Cytheropteron montro,Ostracode,Cytheropteron,Ostracode,#e7f0e7,NA,1500,4.462258476316032,species_30,4
Cytheropteron nodoso,Ostracode,Cytheropteron,Ostracode,#e7f0e7,NA,1500,0,species_46,4
Cytheropteron parala,Ostracode,Cytheropteron,Ostracode,#e7f0e7,NA,1500,0.28900637799974305,species_41,4
Cytheropteron spp...,Ostracode,Cytheropteron,Ostracode,#e7f0e7,NA,1500,0,species_31,4
Dentalina...39,Foram,Dentalina,Foram,#e7f0e7,NA,1500,0,species_38,4
E. bartletti...29,Foram,Elphidium,Elphidium,#697a93,NA,1500,0.38524963792200095,species_4,1
E. excavatum clavatu,Foram,Elphidium,Elphidium,#697a93,E. excavatum,1500,10.968561045042561,species_5,1
E. incertum...26,Foram,Elphidium,Elphidium,#697a93,NA,1500,0.047892485497100276,species_6,1
E. subarcticum...27,Foram,Elphidium,Elphidium,#697a93,NA,1500,0.4315811879797675,species_17,1
Elofsonella concinna,Ostracode,Elofsonella,Ostracode,#e7f0e7,NA,1500,1.0057421954391057,species_18,4
Eucythere sp....85,Ostracode,Eucythere,Ostracode,#e7f0e7,NA,1500,0,species_34,4
Haynesina orbicular.,Foram,Haynesina,Foram,#e7f0e7,NA,1500,0.5296278623867126,species_7,4
Heterocyprideis sorb,Ostracode,Heterocyprideis,Ostracode,#e7f0e7,NA,1500,0,species_27,4
Jonesia acuminata (S,Ostracode,Jonesia,Ostracode,#e7f0e7,NA,1500,0,species_48,4
Kotoracythere arctob,Ostracode,Kotoracythere,Kotoracythere,#c49051,K. arctoborealis,1500,2.023044645998201,species_19,5
Nonion labridoricum.,Foram,Nonion,Foram,#e7f0e7,NA,1500,0.04835299016534163,species_20,4
Normanicythere leiod,Ostracode,Normanicythere,Ostracode,#e7f0e7,NA,1500,0,species_28,4
Other...122,Ostracode,Other,Ostracode,#e7f0e7,NA,1500,0,species_44,4
Palmenella limicola ,Ostracode,Palmenella,Ostracode,#e7f0e7,NA,1500,4.751264854315775,species_21,4
Paracyprideis pseudo,Ostracode,Paracyprideis,Paracyprideis,#729C9D,P. pseudopunctillata,1500,14.843367574066804,species_22,3
Polymorphinids...41,Foram,Polymorphinids,Foram,#e7f0e7,NA,1500,0.43204169264800885,species_8,4
Pyrgo williamsoni...,Foram,Pyrgo,Foram,#e7f0e7,NA,1500,0.04677870676460957,species_9,4
Quinqueloculina semi,Foram,Quinqueloculina,Foram,#e7f0e7,NA,1500,0,species_23,4
Rabilimis mirabilis ,Ostracode,Rabilimis,Ostracode,#e7f0e7,NA,1500,0,species_24,4
Robertsonites tuberc,Ostracode,Robertsonites,Ostracode,#e7f0e7,NA,1500,0,species_45,4
Roundstonia globulif,Ostracode,Roundstonia,Ostracode,#e7f0e7,NA,1500,0,species_29,4
Sarsicytheridea brad,Ostracode,Sarsicytheridea,Ostracode,#e7f0e7,NA,1500,0.28900637799974305,species_32,4
Schizocythere ikeyai,Ostracode,Schizocythere,Ostracode,#e7f0e7,NA,1500,0,species_47,4
Sclerochilus spp....,Ostracode,Sclerochilus,Ostracode,#e7f0e7,NA,1500,0,species_42,4
Semicytherura compla,Ostracode,Semicytherura,Ostracode,#e7f0e7,NA,1500,12.681599866628726,species_25,4
Semicytherura spp...,Ostracode,Semicytherura,Ostracode,#e7f0e7,NA,1500,0,species_35,4
Spiroplectammina bif,Foram,Spiroplectammina,Spiroplectammina,#dd605a,S. biformis,1500,6.224896695832942,species_10,6
Spiroplectammina ear,Foram,Spiroplectammina,Spiroplectammina,#dd605a,NA,1500,0.09717315897962374,species_39,6
Stainforthia loeblic,Foram,Stainforthia,Foram,#e7f0e7,NA,1500,1.2522413267143133,species_11,4
Stanforthia feylingi,Foram,Stanforthia,Foram,#e7f0e7,NA,1500,7.466847569565996,species_12,4
Textularia torquata.,Foram,Textularia,Foram,#e7f0e7,NA,1500,0.731510895135488,species_36,4
Acanthocythereis dun,Ostracode,Acanthocythereis,Ostracode,#e7f0e7,NA,1600,0.15532894946531764,species_13,4
Argilloecia spp....6,Ostracode,Argilloecia,Ostracode,#e7f0e7,NA,1600,0.23299342419797647,species_37,4
Buccella frigida...3,Foram,Buccella,Foram,#e7f0e7,NA,1600,2.9112305992248073,species_1,4
Bythocythere constri,Ostracode,Bythocythere,Ostracode,#e7f0e7,NA,1600,0,species_14,4
C. reniforme...25,Foram,Cassidulina,Cassidulina,#3c475a,C. reniforme,1600,16.205410410895944,species_2,2
C. teretis...24,Foram,Cassidulina,Cassidulina,#3c475a,NA,1600,6.582494690107585,species_3,2
Cluthia cluthae (Bra,Ostracode,Cluthia,Ostracode,#e7f0e7,NA,1600,0.7766447473265883,species_15,4
Cytheromorpha macche,Ostracode,Cytheromorpha,Ostracode,#e7f0e7,NA,1600,0,species_26,4
Cytheropteron arctic,Ostracode,Cytheropteron,Ostracode,#e7f0e7,NA,1600,0,species_43,4
Cytheropteron biconv,Ostracode,Cytheropteron,Ostracode,#e7f0e7,NA,1600,0.15532894946531764,species_33,4
Cytheropteron elaeni,Ostracode,Cytheropteron,Ostracode,#e7f0e7,NA,1600,1.927346964794146,species_16,4
Cytheropteron inflat,Ostracode,Cytheropteron,Ostracode,#e7f0e7,NA,1600,0,species_40,4
Cytheropteron montro,Ostracode,Cytheropteron,Ostracode,#e7f0e7,NA,1600,1.5707243767360186,species_30,4
Cytheropteron nodoso,Ostracode,Cytheropteron,Ostracode,#e7f0e7,NA,1600,0,species_46,4
Cytheropteron parala,Ostracode,Cytheropteron,Ostracode,#e7f0e7,NA,1600,0.34235768453580223,species_41,4
Cytheropteron spp...,Ostracode,Cytheropteron,Ostracode,#e7f0e7,NA,1600,0,species_31,4
Dentalina...39,Foram,Dentalina,Foram,#e7f0e7,NA,1600,0,species_38,4
E. bartletti...29,Foram,Elphidium,Elphidium,#697a93,NA,1600,1.0236654504583826,species_4,1
E. excavatum clavatu,Foram,Elphidium,Elphidium,#697a93,E. excavatum,1600,11.307235755997946,species_5,1
E. incertum...26,Foram,Elphidium,Elphidium,#697a93,NA,1600,0,species_6,1
E. subarcticum...27,Foram,Elphidium,Elphidium,#697a93,NA,1600,0.09276788871292704,species_17,1
Elofsonella concinna,Ostracode,Elofsonella,Ostracode,#e7f0e7,NA,1600,0.15532894946531764,species_18,4
Eucythere sp....85,Ostracode,Eucythere,Ostracode,#e7f0e7,NA,1600,0,species_34,4
Haynesina orbicular.,Foram,Haynesina,Foram,#e7f0e7,NA,1600,1.0363802034485723,species_7,4
Heterocyprideis sorb,Ostracode,Heterocyprideis,Ostracode,#e7f0e7,NA,1600,0.15532894946531764,species_27,4
Jonesia acuminata (S,Ostracode,Jonesia,Ostracode,#e7f0e7,NA,1600,0,species_48,4
Kotoracythere arctob,Ostracode,Kotoracythere,Kotoracythere,#c49051,K. arctoborealis,1600,7.306800581990963,species_19,5
Nonion labridoricum.,Foram,Nonion,Foram,#e7f0e7,NA,1600,0.14794531411658524,species_20,4
Normanicythere leiod,Ostracode,Normanicythere,Ostracode,#e7f0e7,NA,1600,0,species_28,4
Other...122,Ostracode,Other,Ostracode,#e7f0e7,NA,1600,0,species_44,4
Palmenella limicola ,Ostracode,Palmenella,Ostracode,#e7f0e7,NA,1600,0.34235768453580223,species_21,4
Paracyprideis pseudo,Ostracode,Paracyprideis,Paracyprideis,#729C9D,P. pseudopunctillata,1600,22.281779301871794,species_22,3
Polymorphinids...41,Foram,Polymorphinids,Foram,#e7f0e7,NA,1600,0.27959812979878107,species_8,4
Pyrgo williamsoni...,Foram,Pyrgo,Foram,#e7f0e7,NA,1600,0,species_9,4
Quinqueloculina semi,Foram,Quinqueloculina,Foram,#e7f0e7,NA,1600,0.050834928915922145,species_23,4
Rabilimis mirabilis ,Ostracode,Rabilimis,Ostracode,#e7f0e7,NA,1600,0.07766447473265882,species_24,4
Robertsonites tuberc,Ostracode,Robertsonites,Ostracode,#e7f0e7,NA,1600,0,species_45,4
Roundstonia globulif,Ostracode,Roundstonia,Ostracode,#e7f0e7,NA,1600,0.6989802725939295,species_29,4
Sarsicytheridea brad,Ostracode,Sarsicytheridea,Ostracode,#e7f0e7,NA,1600,2.5946274517829084,species_32,4
Schizocythere ikeyai,Ostracode,Schizocythere,Ostracode,#e7f0e7,NA,1600,0,species_47,4
Sclerochilus spp....,Ostracode,Sclerochilus,Ostracode,#e7f0e7,NA,1600,0,species_42,4
Semicytherura compla,Ostracode,Semicytherura,Ostracode,#e7f0e7,NA,1600,11.552986863803065,species_25,4
Semicytherura spp...,Ostracode,Semicytherura,Ostracode,#e7f0e7,NA,1600,0,species_35,4
Spiroplectammina bif,Foram,Spiroplectammina,Spiroplectammina,#dd605a,S. biformis,1600,4.773100315526611,species_10,6
Spiroplectammina ear,Foram,Spiroplectammina,Spiroplectammina,#dd605a,NA,1600,0,species_39,6
Stainforthia loeblic,Foram,Stainforthia,Foram,#e7f0e7,NA,1600,1.5351819395846982,species_11,4
Stanforthia feylingi,Foram,Stanforthia,Foram,#e7f0e7,NA,1600,3.243214816794516,species_12,4
Textularia torquata.,Foram,Textularia,Foram,#e7f0e7,NA,1600,0.48435992965382885,species_36,4
Acanthocythereis dun,Ostracode,Acanthocythereis,Ostracode,#e7f0e7,NA,1700,1.1032080228328314,species_13,4
Argilloecia spp....6,Ostracode,Argilloecia,Ostracode,#e7f0e7,NA,1700,0.2431358011340723,species_37,4
Buccella frigida...3,Foram,Buccella,Foram,#e7f0e7,NA,1700,1.59375107711713,species_1,4
Bythocythere constri,Ostracode,Bythocythere,Ostracode,#e7f0e7,NA,1700,0,species_14,4
C. reniforme...25,Foram,Cassidulina,Cassidulina,#3c475a,C. reniforme,1700,20.25191413459327,species_2,2
C. teretis...24,Foram,Cassidulina,Cassidulina,#3c475a,NA,1700,4.7358258959789765,species_3,2
Cluthia cluthae (Bra,Ostracode,Cluthia,Ostracode,#e7f0e7,NA,1700,0.7591791341533278,species_15,4
Cytheromorpha macche,Ostracode,Cytheromorpha,Ostracode,#e7f0e7,NA,1700,0,species_26,4
Cytheropteron arctic,Ostracode,Cytheropteron,Ostracode,#e7f0e7,NA,1700,0,species_43,4
Cytheropteron biconv,Ostracode,Cytheropteron,Ostracode,#e7f0e7,NA,1700,0,species_33,4
Cytheropteron elaeni,Ostracode,Cytheropteron,Ostracode,#e7f0e7,NA,1700,1.3463438239669037,species_16,4
Cytheropteron inflat,Ostracode,Cytheropteron,Ostracode,#e7f0e7,NA,1700,0,species_40,4
Cytheropteron montro,Ostracode,Cytheropteron,Ostracode,#e7f0e7,NA,1700,1.8028436954839373,species_30,4
Cytheropteron nodoso,Ostracode,Cytheropteron,Ostracode,#e7f0e7,NA,1700,0.2431358011340723,species_46,4
Cytheropteron parala,Ostracode,Cytheropteron,Ostracode,#e7f0e7,NA,1700,0.3440288886795036,species_41,4
Cytheropteron spp...,Ostracode,Cytheropteron,Ostracode,#e7f0e7,NA,1700,0,species_31,4
Dentalina...39,Foram,Dentalina,Foram,#e7f0e7,NA,1700,0,species_38,4
E. bartletti...29,Foram,Elphidium,Elphidium,#697a93,NA,1700,1.3266693221666352,species_4,1
E. excavatum clavatu,Foram,Elphidium,Elphidium,#697a93,E. excavatum,1700,11.01541277100235,species_5,1
E. incertum...26,Foram,Elphidium,Elphidium,#697a93,NA,1700,0.5419774747046431,species_6,1
E. subarcticum...27,Foram,Elphidium,Elphidium,#697a93,NA,1700,0.5765879122710483,species_17,1
Elofsonella concinna,Ostracode,Elofsonella,Ostracode,#e7f0e7,NA,1700,0.6880577773590072,species_18,4
Eucythere sp....85,Ostracode,Eucythere,Ostracode,#e7f0e7,NA,1700,0,species_34,4
Haynesina orbicular.,Foram,Haynesina,Foram,#e7f0e7,NA,1700,0.7916636575806577,species_7,4
Heterocyprideis sorb,Ostracode,Heterocyprideis,Ostracode,#e7f0e7,NA,1700,0.3440288886795036,species_27,4
Jonesia acuminata (S,Ostracode,Jonesia,Ostracode,#e7f0e7,NA,1700,0,species_48,4
Kotoracythere arctob,Ostracode,Kotoracythere,Kotoracythere,#c49051,K. arctoborealis,1700,2.4909014728429444,species_19,5
Nonion labridoricum.,Foram,Nonion,Foram,#e7f0e7,NA,1700,0.08990621624157694,species_20,4
Normanicythere leiod,Ostracode,Normanicythere,Ostracode,#e7f0e7,NA,1700,0,species_28,4
Other...122,Ostracode,Other,Ostracode,#e7f0e7,NA,1700,0,species_44,4
Palmenella limicola ,Ostracode,Palmenella,Ostracode,#e7f0e7,NA,1700,0.2431358011340723,species_21,4
Paracyprideis pseudo,Ostracode,Paracyprideis,Paracyprideis,#729C9D,P. pseudopunctillata,1700,30.911326444861746,species_22,3
Polymorphinids...41,Foram,Polymorphinids,Foram,#e7f0e7,NA,1700,0.4446694014291876,species_8,4
Pyrgo williamsoni...,Foram,Pyrgo,Foram,#e7f0e7,NA,1700,0.1794146173670407,species_9,4
Quinqueloculina semi,Foram,Quinqueloculina,Foram,#e7f0e7,NA,1700,0.22004120404495597,species_23,4
Rabilimis mirabilis ,Ostracode,Rabilimis,Ostracode,#e7f0e7,NA,1700,0.5160433330192554,species_24,4
Robertsonites tuberc,Ostracode,Robertsonites,Ostracode,#e7f0e7,NA,1700,0.1720144443397518,species_45,4
Roundstonia globulif,Ostracode,Roundstonia,Ostracode,#e7f0e7,NA,1700,0.1720144443397518,species_29,4
Sarsicytheridea brad,Ostracode,Sarsicytheridea,Ostracode,#e7f0e7,NA,1700,2.734037273977017,species_32,4
Schizocythere ikeyai,Ostracode,Schizocythere,Ostracode,#e7f0e7,NA,1700,0.9311935784930796,species_47,4
Sclerochilus spp....,Ostracode,Sclerochilus,Ostracode,#e7f0e7,NA,1700,0,species_42,4
Semicytherura compla,Ostracode,Semicytherura,Ostracode,#e7f0e7,NA,1700,5.527618009456256,species_25,4
Semicytherura spp...,Ostracode,Semicytherura,Ostracode,#e7f0e7,NA,1700,0,species_35,4
Spiroplectammina bif,Foram,Spiroplectammina,Spiroplectammina,#dd605a,S. biformis,1700,2.907130593626825,species_10,6
Spiroplectammina ear,Foram,Spiroplectammina,Spiroplectammina,#dd605a,NA,1700,0.31551848259724646,species_39,6
Stainforthia loeblic,Foram,Stainforthia,Foram,#e7f0e7,NA,1700,2.0954856649493507,species_11,4
Stanforthia feylingi,Foram,Stanforthia,Foram,#e7f0e7,NA,1700,2.3417849384420784,species_12,4
Textularia torquata.,Foram,Textularia,Foram,#e7f0e7,NA,1700,0,species_36,4
Acanthocythereis dun,Ostracode,Acanthocythereis,Ostracode,#e7f0e7,NA,1800,2.615293807937922,species_13,4
Argilloecia spp....6,Ostracode,Argilloecia,Ostracode,#e7f0e7,NA,1800,0.2844774158945136,species_37,4
Buccella frigida...3,Foram,Buccella,Foram,#e7f0e7,NA,1800,1.0380284834382878,species_1,4
Bythocythere constri,Ostracode,Bythocythere,Ostracode,#e7f0e7,NA,1800,0.045006213888241296,species_14,4
C. reniforme...25,Foram,Cassidulina,Cassidulina,#3c475a,C. reniforme,1800,16.401956884604257,species_2,2
C. teretis...24,Foram,Cassidulina,Cassidulina,#3c475a,NA,1800,5.638324496882699,species_3,2
Cluthia cluthae (Bra,Ostracode,Cluthia,Ostracode,#e7f0e7,NA,1800,1.6582742178629994,species_15,4
Cytheromorpha macche,Ostracode,Cytheromorpha,Ostracode,#e7f0e7,NA,1800,0,species_26,4
Cytheropteron arctic,Ostracode,Cytheropteron,Ostracode,#e7f0e7,NA,1800,0,species_43,4
Cytheropteron biconv,Ostracode,Cytheropteron,Ostracode,#e7f0e7,NA,1800,0.08730121007237168,species_33,4
Cytheropteron elaeni,Ostracode,Cytheropteron,Ostracode,#e7f0e7,NA,1800,3.2079921280347223,species_16,4
Cytheropteron inflat,Ostracode,Cytheropteron,Ostracode,#e7f0e7,NA,1800,0.08730121007237168,species_40,4
Cytheropteron montro,Ostracode,Cytheropteron,Ostracode,#e7f0e7,NA,1800,2.0603540931039173,species_30,4
Cytheropteron nodoso,Ostracode,Cytheropteron,Ostracode,#e7f0e7,NA,1800,0,species_46,4
Cytheropteron parala,Ostracode,Cytheropteron,Ostracode,#e7f0e7,NA,1800,0.18820026341652626,species_41,4
Cytheropteron spp...,Ostracode,Cytheropteron,Ostracode,#e7f0e7,NA,1800,0.07174257857432526,species_31,4
Dentalina...39,Foram,Dentalina,Foram,#e7f0e7,NA,1800,0.02480382731681177,species_38,4
E. bartletti...29,Foram,Elphidium,Elphidium,#697a93,NA,1800,0.4113530665690593,species_4,1
E. excavatum clavatu,Foram,Elphidium,Elphidium,#697a93,E. excavatum,1800,10.661700668595794,species_5,1
E. incertum...26,Foram,Elphidium,Elphidium,#697a93,NA,1800,1.7064699822179679,species_6,1
E. subarcticum...27,Foram,Elphidium,Elphidium,#697a93,NA,1800,0.04012929881649831,species_17,1
Elofsonella concinna,Ostracode,Elofsonella,Ostracode,#e7f0e7,NA,1800,0.0762736888000721,species_18,4
Eucythere sp....85,Ostracode,Eucythere,Ostracode,#e7f0e7,NA,1800,0,species_34,4
Haynesina orbicular.,Foram,Haynesina,Foram,#e7f0e7,NA,1800,0.905979668813367,species_7,4
Heterocyprideis sorb,Ostracode,Heterocyprideis,Ostracode,#e7f0e7,NA,1800,0.26018720661432654,species_27,4
Jonesia acuminata (S,Ostracode,Jonesia,Ostracode,#e7f0e7,NA,1800,0.045006213888241296,species_48,4
Kotoracythere arctob,Ostracode,Kotoracythere,Kotoracythere,#c49051,K. arctoborealis,1800,6.573759765160987,species_19,5
Nonion labridoricum.,Foram,Nonion,Foram,#e7f0e7,NA,1800,0.15903331540369675,species_20,4
Normanicythere leiod,Ostracode,Normanicythere,Ostracode,#e7f0e7,NA,1800,0,species_28,4
Other...122,Ostracode,Other,Ostracode,#e7f0e7,NA,1800,0,species_44,4
Palmenella limicola ,Ostracode,Palmenella,Ostracode,#e7f0e7,NA,1800,0.24265546671509297,species_21,4
Paracyprideis pseudo,Ostracode,Paracyprideis,Paracyprideis,#729C9D,P. pseudopunctillata,1800,23.971361034607767,species_22,3
Polymorphinids...41,Foram,Polymorphinids,Foram,#e7f0e7,NA,1800,0.7029914686798675,species_8,4
Pyrgo williamsoni...,Foram,Pyrgo,Foram,#e7f0e7,NA,1800,0.024034936086754746,species_9,4
Quinqueloculina semi,Foram,Quinqueloculina,Foram,#e7f0e7,NA,1800,0.6456924089116924,species_23,4
Rabilimis mirabilis ,Ostracode,Rabilimis,Ostracode,#e7f0e7,NA,1800,0.9896949459579446,species_24,4
Robertsonites tuberc,Ostracode,Robertsonites,Ostracode,#e7f0e7,NA,1800,0.11687097477430404,species_45,4
Roundstonia globulif,Ostracode,Roundstonia,Ostracode,#e7f0e7,NA,1800,1.129994122831737,species_29,4
Sarsicytheridea brad,Ostracode,Sarsicytheridea,Ostracode,#e7f0e7,NA,1800,1.4253431387495201,species_32,4
Schizocythere ikeyai,Ostracode,Schizocythere,Ostracode,#e7f0e7,NA,1800,0,species_47,4
Sclerochilus spp....,Ostracode,Sclerochilus,Ostracode,#e7f0e7,NA,1800,0,species_42,4
Semicytherura compla,Ostracode,Semicytherura,Ostracode,#e7f0e7,NA,1800,5.629919568978287,species_25,4
Semicytherura spp...,Ostracode,Semicytherura,Ostracode,#e7f0e7,NA,1800,0,species_35,4
Spiroplectammina bif,Foram,Spiroplectammina,Spiroplectammina,#dd605a,S. biformis,1800,4.429739029046652,species_10,6
Spiroplectammina ear,Foram,Spiroplectammina,Spiroplectammina,#dd605a,NA,1800,0.8112913799538432,species_39,6
Stainforthia loeblic,Foram,Stainforthia,Foram,#e7f0e7,NA,1800,1.3163819474516705,species_11,4
Stanforthia feylingi,Foram,Stanforthia,Foram,#e7f0e7,NA,1800,3.7574194060791246,species_12,4
Textularia torquata.,Foram,Textularia,Foram,#e7f0e7,NA,1800,0.5576604651957544,species_36,4
Acanthocythereis dun,Ostracode,Acanthocythereis,Ostracode,#e7f0e7,NA,1900,4.723663094602068,species_13,4
Argilloecia spp....6,Ostracode,Argilloecia,Ostracode,#e7f0e7,NA,1900,0.4205050151682926,species_37,4
Buccella frigida...3,Foram,Buccella,Foram,#e7f0e7,NA,1900,1.584009171351643,species_1,4
Bythocythere constri,Ostracode,Bythocythere,Ostracode,#e7f0e7,NA,1900,0,species_14,4
C. reniforme...25,Foram,Cassidulina,Cassidulina,#3c475a,C. reniforme,1900,13.798294437659585,species_2,2
C. teretis...24,Foram,Cassidulina,Cassidulina,#3c475a,NA,1900,4.51057452548194,species_3,2
Cluthia cluthae (Bra,Ostracode,Cluthia,Ostracode,#e7f0e7,NA,1900,1.0412505137500578,species_15,4
Cytheromorpha macche,Ostracode,Cytheromorpha,Ostracode,#e7f0e7,NA,1900,0,species_26,4
Cytheropteron arctic,Ostracode,Cytheropteron,Ostracode,#e7f0e7,NA,1900,0,species_43,4
Cytheropteron biconv,Ostracode,Cytheropteron,Ostracode,#e7f0e7,NA,1900,0,species_33,4
Cytheropteron elaeni,Ostracode,Cytheropteron,Ostracode,#e7f0e7,NA,1900,3.063004813706829,species_16,4
Cytheropteron inflat,Ostracode,Cytheropteron,Ostracode,#e7f0e7,NA,1900,0.8043462798524282,species_40,4
Cytheropteron montro,Ostracode,Cytheropteron,Ostracode,#e7f0e7,NA,1900,2.512625513169657,species_30,4
Cytheropteron nodoso,Ostracode,Cytheropteron,Ostracode,#e7f0e7,NA,1900,0,species_46,4
Cytheropteron parala,Ostracode,Cytheropteron,Ostracode,#e7f0e7,NA,1900,1.451743504747677,species_41,4
Cytheropteron spp...,Ostracode,Cytheropteron,Ostracode,#e7f0e7,NA,1900,1.2414909971635304,species_31,4
Dentalina...39,Foram,Dentalina,Foram,#e7f0e7,NA,1900,0.012280410240430585,species_38,4
E. bartletti...29,Foram,Elphidium,Elphidium,#697a93,NA,1900,0.15272637827928537,species_4,1
E. excavatum clavatu,Foram,Elphidium,Elphidium,#697a93,E. excavatum,1900,5.508307834515901,species_5,1
E. incertum...26,Foram,Elphidium,Elphidium,#697a93,NA,1900,1.5894904631414655,species_6,1
E. subarcticum...27,Foram,Elphidium,Elphidium,#697a93,NA,1900,0.04614723971347137,species_17,1
Elofsonella concinna,Ostracode,Elofsonella,Ostracode,#e7f0e7,NA,1900,0,species_18,4
Eucythere sp....85,Ostracode,Eucythere,Ostracode,#e7f0e7,NA,1900,0,species_34,4
Haynesina orbicular.,Foram,Haynesina,Foram,#e7f0e7,NA,1900,0.6913974283316001,species_7,4
Heterocyprideis sorb,Ostracode,Heterocyprideis,Ostracode,#e7f0e7,NA,1900,0.3672015625413259,species_27,4
Jonesia acuminata (S,Ostracode,Jonesia,Ostracode,#e7f0e7,NA,1900,0,species_48,4
Kotoracythere arctob,Ostracode,Kotoracythere,Kotoracythere,#c49051,K. arctoborealis,1900,7.0670217522360845,species_19,5
Nonion labridoricum.,Foram,Nonion,Foram,#e7f0e7,NA,1900,0.09860322987151746,species_20,4
Normanicythere leiod,Ostracode,Normanicythere,Ostracode,#e7f0e7,NA,1900,0,species_28,4
Other...122,Ostracode,Other,Ostracode,#e7f0e7,NA,1900,0,species_44,4
Palmenella limicola ,Ostracode,Palmenella,Ostracode,#e7f0e7,NA,1900,0.7610548513961352,species_21,4
Paracyprideis pseudo,Ostracode,Paracyprideis,Paracyprideis,#729C9D,P. pseudopunctillata,1900,21.3417595407907,species_22,3
Polymorphinids...41,Foram,Polymorphinids,Foram,#e7f0e7,NA,1900,0.4954350842426771,species_8,4
Pyrgo williamsoni...,Foram,Pyrgo,Foram,#e7f0e7,NA,1900,0,species_9,4
Quinqueloculina semi,Foram,Quinqueloculina,Foram,#e7f0e7,NA,1900,0.011394803732707225,species_23,4
Rabilimis mirabilis ,Ostracode,Rabilimis,Ostracode,#e7f0e7,NA,1900,1.8836211427272713,species_24,4
Robertsonites tuberc,Ostracode,Robertsonites,Ostracode,#e7f0e7,NA,1900,0,species_45,4
Roundstonia globulif,Ostracode,Roundstonia,Ostracode,#e7f0e7,NA,1900,1.5771663077292903,species_29,4
Sarsicytheridea brad,Ostracode,Sarsicytheridea,Ostracode,#e7f0e7,NA,1900,0.4205050151682926,species_32,4
Schizocythere ikeyai,Ostracode,Schizocythere,Ostracode,#e7f0e7,NA,1900,0,species_47,4
Sclerochilus spp....,Ostracode,Sclerochilus,Ostracode,#e7f0e7,NA,1900,0,species_42,4
Semicytherura compla,Ostracode,Semicytherura,Ostracode,#e7f0e7,NA,1900,4.069767772557601,species_25,4
Semicytherura spp...,Ostracode,Semicytherura,Ostracode,#e7f0e7,NA,1900,0,species_35,4
Spiroplectammina bif,Foram,Spiroplectammina,Spiroplectammina,#dd605a,S. biformis,1900,12.351275470156626,species_10,6
Spiroplectammina ear,Foram,Spiroplectammina,Spiroplectammina,#dd605a,NA,1900,2.850768953482232,species_39,6
Stainforthia loeblic,Foram,Stainforthia,Foram,#e7f0e7,NA,1900,1.0543942853401296,species_11,4
Stanforthia feylingi,Foram,Stanforthia,Foram,#e7f0e7,NA,1900,2.0197503894417026,species_12,4
Textularia torquata.,Foram,Textularia,Foram,#e7f0e7,NA,1900,0.4784222177098347,species_36,4
Acanthocythereis dun,Ostracode,Acanthocythereis,Ostracode,#e7f0e7,NA,2000,6.6486671964169615,species_13,4
Argilloecia spp....6,Ostracode,Argilloecia,Ostracode,#e7f0e7,NA,2000,0,species_37,4
Buccella frigida...3,Foram,Buccella,Foram,#e7f0e7,NA,2000,0.4176298490211659,species_1,4
Bythocythere constri,Ostracode,Bythocythere,Ostracode,#e7f0e7,NA,2000,0,species_14,4
C. reniforme...25,Foram,Cassidulina,Cassidulina,#3c475a,C. reniforme,2000,5.400029196465121,species_2,2
C. teretis...24,Foram,Cassidulina,Cassidulina,#3c475a,NA,2000,2.7456340749837467,species_3,2
Cluthia cluthae (Bra,Ostracode,Cluthia,Ostracode,#e7f0e7,NA,2000,1.108111199402827,species_15,4
Cytheromorpha macche,Ostracode,Cytheromorpha,Ostracode,#e7f0e7,NA,2000,0,species_26,4
Cytheropteron arctic,Ostracode,Cytheropteron,Ostracode,#e7f0e7,NA,2000,0,species_43,4
Cytheropteron biconv,Ostracode,Cytheropteron,Ostracode,#e7f0e7,NA,2000,0,species_33,4
Cytheropteron elaeni,Ostracode,Cytheropteron,Ostracode,#e7f0e7,NA,2000,3.3243335982084807,species_16,4
Cytheropteron inflat,Ostracode,Cytheropteron,Ostracode,#e7f0e7,NA,2000,0,species_40,4
Cytheropteron montro,Ostracode,Cytheropteron,Ostracode,#e7f0e7,NA,2000,0,species_30,4
Cytheropteron nodoso,Ostracode,Cytheropteron,Ostracode,#e7f0e7,NA,2000,0,species_46,4
Cytheropteron parala,Ostracode,Cytheropteron,Ostracode,#e7f0e7,NA,2000,1.108111199402827,species_41,4
Cytheropteron spp...,Ostracode,Cytheropteron,Ostracode,#e7f0e7,NA,2000,2.216222398805654,species_31,4
Dentalina...39,Foram,Dentalina,Foram,#e7f0e7,NA,2000,0,species_38,4
E. bartletti...29,Foram,Elphidium,Elphidium,#697a93,NA,2000,2.4625111367959738,species_4,1
E. excavatum clavatu,Foram,Elphidium,Elphidium,#697a93,E. excavatum,2000,4.7519504442678615,species_5,1
E. incertum...26,Foram,Elphidium,Elphidium,#697a93,NA,2000,4.2769435213946885,species_6,1
E. subarcticum...27,Foram,Elphidium,Elphidium,#697a93,NA,2000,0.13920994967372197,species_17,1
Elofsonella concinna,Ostracode,Elofsonella,Ostracode,#e7f0e7,NA,2000,0,species_18,4
Eucythere sp....85,Ostracode,Eucythere,Ostracode,#e7f0e7,NA,2000,0,species_34,4
Haynesina orbicular.,Foram,Haynesina,Foram,#e7f0e7,NA,2000,0.27841989934744393,species_7,4
Heterocyprideis sorb,Ostracode,Heterocyprideis,Ostracode,#e7f0e7,NA,2000,0,species_27,4
Jonesia acuminata (S,Ostracode,Jonesia,Ostracode,#e7f0e7,NA,2000,0,species_48,4
Kotoracythere arctob,Ostracode,Kotoracythere,Kotoracythere,#c49051,K. arctoborealis,2000,9.973000794625444,species_19,5
Nonion labridoricum.,Foram,Nonion,Foram,#e7f0e7,NA,2000,0,species_20,4
Normanicythere leiod,Ostracode,Normanicythere,Ostracode,#e7f0e7,NA,2000,0,species_28,4
Other...122,Ostracode,Other,Ostracode,#e7f0e7,NA,2000,0,species_44,4
Palmenella limicola ,Ostracode,Palmenella,Ostracode,#e7f0e7,NA,2000,0,species_21,4
Paracyprideis pseudo,Ostracode,Paracyprideis,Paracyprideis,#729C9D,P. pseudopunctillata,2000,17.72977919044523,species_22,3
Polymorphinids...41,Foram,Polymorphinids,Foram,#e7f0e7,NA,2000,0.7007527872089384,species_8,4
Pyrgo williamsoni...,Foram,Pyrgo,Foram,#e7f0e7,NA,2000,0,species_9,4
Quinqueloculina semi,Foram,Quinqueloculina,Foram,#e7f0e7,NA,2000,0,species_23,4
Rabilimis mirabilis ,Ostracode,Rabilimis,Ostracode,#e7f0e7,NA,2000,5.540555997014135,species_24,4
Robertsonites tuberc,Ostracode,Robertsonites,Ostracode,#e7f0e7,NA,2000,0,species_45,4
Roundstonia globulif,Ostracode,Roundstonia,Ostracode,#e7f0e7,NA,2000,2.216222398805654,species_29,4
Sarsicytheridea brad,Ostracode,Sarsicytheridea,Ostracode,#e7f0e7,NA,2000,3.3243335982084807,species_32,4
Schizocythere ikeyai,Ostracode,Schizocythere,Ostracode,#e7f0e7,NA,2000,0,species_47,4
Sclerochilus spp....,Ostracode,Sclerochilus,Ostracode,#e7f0e7,NA,2000,0,species_42,4
Semicytherura compla,Ostracode,Semicytherura,Ostracode,#e7f0e7,NA,2000,5.540555997014135,species_25,4
Semicytherura spp...,Ostracode,Semicytherura,Ostracode,#e7f0e7,NA,2000,0,species_35,4
Spiroplectammina bif,Foram,Spiroplectammina,Spiroplectammina,#dd605a,S. biformis,2000,13.343461797779863,species_10,6
Spiroplectammina ear,Foram,Spiroplectammina,Spiroplectammina,#dd605a,NA,2000,1.6799254737653209,species_39,6
Stainforthia loeblic,Foram,Stainforthia,Foram,#e7f0e7,NA,2000,0.4176298490211659,species_11,4
Stanforthia feylingi,Foram,Stanforthia,Foram,#e7f0e7,NA,2000,2.7936050711550964,species_12,4
Textularia torquata.,Foram,Textularia,Foram,#e7f0e7,NA,2000,1.8624033807700644,species_36,4
